"Time-Step";"flow-time";"current_in_a";"current_in_b";"current_in_c"
1;8.333e-05;41289083.62273289;19580094.63076988;21864315.56511537
2;0.00016666;41221544.4144665;18423610.29250193;22973299.17430551
3;0.00024999;41113327.77731725;17248945.57324554;24059612.73675472
4;0.00033332;33356176.57806273;20414723.93787447;12550546.51405503
5;0.00041665;32779404.3192264;18531857.2556083;13358849.67100827
6;0.00049998;32302027.10688813;15855341.5822804;15827325.68222202
7;0.0005833100000000001;32468904.29313914;12881638.619053;19155551.58657593
8;0.00066664;31576160.56668374;9986203.972689541;21357355.68132103
9;0.00074997;31367447.22198398;8544403.851107169;22417246.45568771
10;0.0008333000000000001;30440712.369555;6584687.937675604;23665485.72451157
11;0.0009166300000000001;29668385.14355396;5457679.296714803;23575338.99686582
12;0.00099996;28169117.36415067;3437100.576260581;24578001.10257137
13;0.00108329;27497600.60924047;2553832.038577315;24065704.81624868
14;0.00116662;25643586.00753905;638238.5800136693;25069532.1935179
15;0.00124995;24999425.87390576;754963.7134702586;24678031.8809774
16;0.00133328;23603913.82059568;2709597.232738726;26282819.73622952
17;0.00141661;23233302.2729842;3310567.904856586;25507111.32405475
18;0.00149994;21972749.45110029;5075010.630088834;27046496.96815206
19;0.00158327;21611013.64712339;5541757.006607766;26100382.45125424
20;0.0016666;20533661.54989347;7133986.504240855;27684961.97660065
21;0.00174993;20419075.88752751;7379561.919808568;26642153.02083245
22;0.00183326;19545430.87634759;8752521.690319475;28378663.94956241
23;0.00191659;19365352.3466017;8851707.367387246;27247371.93186548
24;0.00199992;18693405.14792922;10044741.62110332;29121849.06572101
25;0.00208325;18490849.79521349;9992491.705004476;27797924.71858223
26;0.00216658;17929177.55978141;11030232.30287198;29618431.16560173
27;0.00224991;17468021.53703709;11169744.19264787;28126360.68287287
28;0.00233324;16963875.71781994;12499926.70551864;30386475.86758546
29;0.00241657;16217289.04378632;12763740.67547072;28925395.98336459
30;0.0024999;15481044.28252298;13780936.85960986;31089409.11801927
31;0.00258323;14547406.55481575;13951839.69780886;29413989.31193628
32;0.00266656;13803196.13716676;14861738.43208313;31385064.77753861
33;0.00274989;12859892.31576892;15314851.9708635;29812252.75896781
34;0.00283322;12134535.19199701;16072733.71245448;31486132.47605311
35;0.00291655;11235796.11369029;16304001.97778739;29624963.19312777
36;0.00299988;10491562.18018905;17018490.07608048;30939476.06929092
37;0.00308321;9542961.325868411;17395536.9910268;29027502.69566221
38;0.00316654;8781024.461590001;18465132.65687541;30722442.24193694
39;0.00324987;7847738.674384474;18815557.57951559;28885830.40818729
40;0.0033332;7083618.459602283;19561136.84578805;29946309.81212177
41;0.00341653;6157833.033083984;20053854.87721413;28259768.4919035
42;0.00349986;5429386.872244784;20482794.85505847;28989790.14286982
43;0.00358319;4521877.048634081;21140519.69935301;27516583.18527988
44;0.00366652;3803502.132901048;21498854.35244013;28024483.28634652
45;0.00374985;2939245.344267955;22277155.07098489;26728021.03381149
46;0.00383318;2288486.488789824;22515396.62329256;27087148.57431149
47;0.00391651;1546315.620195324;23276896.20448026;25829563.08987511
48;0.00399984;1041260.942738336;23284100.72414117;25958403.50069579
49;0.004083170000000001;447706.6447673577;24075748.8414544;24940666.40828468
50;0.0041665;26428.79790056599;24193921.19692881;24962315.51117387
51;0.00424983;511693.7925774209;24889757.70656585;24055397.67038067
52;0.004333160000000001;921607.853586634;24774655.13797656;23789666.81137258
53;0.00441649;1413429.976519301;25379075.82186729;23021670.51509781
54;0.00449982;1833178.800957704;25353080.21601275;22565066.47891216
55;0.00458315;2315671.410719187;25966078.61902165;21831833.08573522
56;0.004666480000000001;2726205.559947243;25745119.06643447;21245458.66396736
57;0.00474981;3198024.223999227;26123826.49201716;20433729.71473341
58;0.00483314;3618109.534894436;25875683.55320185;19788902.0474663
59;0.00491647;4103071.214669033;26036292.81693822;18928501.56481761
60;0.0049998;4565793.577568306;25705240.01043262;18222480.26268429
61;0.00508313;5137715.130918349;26070435.26751982;17356735.26277814
62;0.00516646;5718369.088740394;25808848.5329652;16652878.43185627
63;0.005249790000000001;6339954.634453401;25684760.58776102;15672975.39492114
64;0.00533312;7012334.356631795;25474910.57641985;14968301.75030562
65;0.00541645;7744433.745041217;25149086.57537887;13903831.39160345
66;0.00549978;8553922.050824573;25173772.38266167;13239630.25117857
67;0.005583110000000001;9310661.770863384;24854428.17588104;12141904.99666583
68;0.00566644;10126620.12179759;24845655.36993035;11445622.94081547
69;0.00574977;10972502.27396569;24723510.97842677;10415206.32546573
70;0.0058331;11847767.27165112;24520603.60313535;9657609.611277182
71;0.00591643;12728904.24003831;24510914.12112219;8621234.979220569
72;0.005999760000000001;13564255.58899195;24214470.73452624;7866910.678650401
73;0.00608309;14432695.95769691;24077907.44976139;6818872.136390395
74;0.006166420000000001;15294185.9641921;23789734.17138794;6051178.834745753
75;0.00624975;16215940.36389702;23736983.29339861;5168576.304652387
76;0.00633308;17083798.97859296;23585769.41330352;4358261.321761716
77;0.00641641;17964116.98817056;23535168.50802277;3564310.86113626
78;0.00649974;18819540.97166023;23400157.70778577;2850378.00930043
79;0.006583070000000001;19606470.1025205;23219405.00362827;2190661.205264449
80;0.0066664;20439528.9373232;23231602.14042113;1607126.203801242
81;0.006749730000000001;21102829.54366576;23116536.26735747;1069455.296115693
82;0.00683306;21730007.15154742;22937559.70767542;563246.6582126637
83;0.006916390000000001;22374554.99205459;22826248.00172455;93379.18671696511
84;0.00699972;22745074.44042778;22466431.54284461;369443.4897830954
85;0.00708305;23217877.65938941;22091849.34562194;811437.2010379307
86;0.00716638;23513265.4166028;21664077.91327839;1242314.171746864
87;0.00724971;23952987.40727316;21252974.89431685;1674046.857921668
88;0.007333040000000001;24217069.85392751;20783325.76843854;2103120.222222537
89;0.00741637;24636518.77928346;20310420.03546778;2535816.027299786
90;0.007499700000000001;24928605.91226852;19790615.39865659;2970117.253085082
91;0.00758303;25377952.4587082;19281856.19996708;3405920.783704404
92;0.007666360000000001;25638001.18155055;18711048.60971779;3843006.164756499
93;0.00774969;25982133.29162011;18124650.99840168;4289606.71725451
94;0.00783302;26155431.58649604;17497452.08378362;4755843.394971102
95;0.007916349999999999;26325616.69180239;16834506.58543948;5245118.234742568
96;0.00799968;26386115.76048745;16139820.54494152;5771463.407380724
97;0.008083010000000002;26425619.38805925;15394183.16524581;6333870.820117614
98;0.008166340000000001;26420278.28957129;14635722.13823664;6930056.612747481
99;0.008249670000000001;26414404.93977667;13873746.21965806;7539743.346884064
100;0.008333;26399066.34423086;13075263.25249507;8247665.34307395
101;0.00841633;26364012.32861203;12244815.6318108;9086934.73035522
102;0.008499659999999999;26335115.68753855;11443149.68058161;9961895.514072254
103;0.00858299;26295744.18550161;10611937.80856947;10833732.04677895
104;0.008666320000000002;26229480.14513932;9764017.284904443;11697771.03596716
105;0.008749650000000001;26150044.33870502;8928250.503162554;12547618.3470387
106;0.008832980000000001;26058437.00640278;8093260.682355496;13377406.79530273
107;0.00891631;25945200.24135313;7273692.344841026;14158266.31135532
108;0.00899964;25805970.21317413;6465162.427122273;14910610.25070124
109;0.009082969999999999;25640854.82942492;5666223.65900417;15648419.72410682
110;0.0091663;25444137.30373426;4882435.896279468;16355882.3308122
111;0.009249630000000002;25227646.40377457;4129135.481272087;17027612.50971291
112;0.009332960000000001;25001538.7627474;3411938.868275823;17688952.52734866
113;0.009416290000000001;24747927.404542;2734989.606242381;18306811.75584196
114;0.00949962;24463157.03276862;2095767.177397368;18859847.43104169
115;0.00958295;24144934.84719789;1486617.687604408;19374689.92195472
116;0.009666279999999999;23812333.78565696;904744.3361451358;19890549.59768419
117;0.009749609999999999;23460526.83102232;359185.5415956852;20417058.2599563
118;0.009832940000000002;23080531.53903295;256708.6142580211;20934005.59205009
119;0.009916270000000001;22654167.86643459;750645.7570925531;21416486.98181748
120;0.009999600000000001;22217869.13669417;1243739.750305841;21855890.76584062
121;0.01008293;21775168.72064316;1719981.71342278;22252670.06928925
122;0.01016626;21278302.47335981;2178766.470985258;22603037.30573061
123;0.01024959;20763669.76617876;2622528.65226394;22938616.47721085
124;0.01033292;20238555.2664283;3050614.29773169;23227059.29812723
125;0.01041625;19667888.62347234;3470175.370100099;23482914.9357371
126;0.01049958;19075639.2918254;3890682.111646083;23712374.34230759
127;0.01058291;18442435.83869328;4336711.10065965;23930707.58246877
128;0.01066624;17780697.21035181;4811406.109974534;24112320.78575148
129;0.01074957;17072762.14080115;5321733.488261177;24269473.32788783
130;0.0108329;16353948.33183179;5913124.249634422;24377241.8029319
131;0.01091623;15601346.23458931;6542488.074346933;24487552.11141176
132;0.01099956;14817017.5762351;7221919.193805023;24572657.92611954
133;0.01108289;13990037.64401275;7894810.974803817;24633381.22544968
134;0.01116622;13160118.31711942;8608171.698252378;24712931.75904503
135;0.01124955;12297182.44510828;9354042.192756599;24727056.85541159
136;0.01133288;11416432.70090426;10111008.0049646;24720760.56542695
137;0.01141621;10528662.06531306;10879254.73778909;24704211.72482527
138;0.01149954;9628204.146486223;11679318.28990503;24668806.27949484
139;0.01158287;8720386.054104559;12483186.81039884;24594833.75662271
140;0.0116662;7813754.358116954;13274803.18557185;24510645.04527673
141;0.01174953;6904297.040961359;14071675.02658366;24423013.18349018
142;0.01183286;6005647.315376121;14869370.04643912;24305894.14298985
143;0.01191619;5128242.860098851;15647740.88183327;24164304.12900786
144;0.01199952;4275927.184450423;16378739.06020375;24003508.71981234
145;0.01208285;3455920.930144247;17092550.67498955;23805877.0580347
146;0.01216618;2670298.214720879;17810245.44956078;23594389.13858474
147;0.01224951;1942604.690775232;18538694.39113006;23387129.16444006
148;0.01233284;1277893.079961387;19250743.12971945;23149959.68595356
149;0.01241617;686353.4762025188;19954135.43793882;22920036.89092876
150;0.0124995;159096.6899017971;20655556.25620589;22686627.34405147
151;0.01258283;335973.4237440564;21339476.11890131;22437476.59652694
152;0.01266616;799227.574752317;21990747.21486825;22197954.90348789
153;0.01274949;1248462.647936241;22628555.52803707;21930624.05486359
154;0.01283282;1689429.997689314;23223655.8134575;21657111.75229692
155;0.01291615;2128022.100647645;23826740.57590181;21354864.3227065
156;0.01299948;2557422.036717494;24315676.80488969;21013252.38466438
157;0.01308281;2980484.22248311;24788244.34350705;20627913.48276706
158;0.01316614;3402586.906931695;25213881.61100992;20207173.66964788
159;0.01324947;3820495.544166876;25589796.14675164;19738478.77979942
160;0.0133328;4242644.301793256;25907948.56003036;19244220.73730583
161;0.01341613;4679637.311174711;26174794.94767244;18676824.49535356
162;0.01349946;5137515.339232281;26371011.85705025;18054280.09425159
163;0.01358279;5630197.886642281;26519320.7301921;17377570.56150407
164;0.01366612;6163748.369718691;26625292.15607663;16640332.21613371
165;0.01374945;6737444.679399072;26665834.18115124;15849079.32601361
166;0.01383278;7398770.293571661;26665142.94831529;15015305.3670181
167;0.01391611;8105908.659337936;26627572.1342956;14132327.89000337
168;0.01399944;8845002.231072038;26534529.37708055;13221273.60223403
169;0.01408277;9622614.071367709;26416845.54732458;12289808.4289181
170;0.0141661;10442583.89225297;26256329.57993123;11337305.82748861
171;0.01424943;11259673.64366385;26070407.44325154;10366423.92632039
172;0.01433276;12054602.60851691;25846380.18715221;9382678.215550762
173;0.01441609;12833514.12437091;25603520.22974636;8396799.166980362
174;0.01449942;13608547.92035858;25318576.62248691;7406555.211662386
175;0.01458275;14350186.66994884;25018745.6629022;6430444.710838802
176;0.01466608;15058738.2293865;24708579.24545463;5485922.605637088
177;0.01474941;15770388.16407191;24370625.94003721;4575476.583416528
178;0.01483274;16498291.86338497;24027878.18260298;3707340.110973902
179;0.01491607;17164859.50254701;23682767.78422751;2896053.814199169
180;0.0149994;17827778.26579892;23325592.86312832;2152640.804162096
181;0.01508273;18473690.39156375;22969375.20194629;1475500.083779177
182;0.01516606;19066979.79190451;22607351.02687786;860677.0276044586
183;0.01524939;19639004.38863449;22243787.99721714;303652.1168012699
184;0.01533272;20201977.81834739;21889327.70057387;213439.1598166976
185;0.01541605;20771652.21485467;21516333.0356588;695387.1916796801
186;0.01549938;21284941.77570493;21124835.11231153;1157514.566755812
187;0.01558271;21792263.23601037;20744934.78256383;1605511.946867877
188;0.01566604;22302369.26690114;20333922.36678672;2048734.327958878
189;0.01574937;22738077.25132189;19899336.03832585;2489745.381239812
190;0.0158327;23181176.30424687;19467904.56868922;2927287.496265142
191;0.01591603;23664219.80058168;19026385.80357859;3366820.772185869
192;0.01599936;24053361.74702809;18560245.99938372;3805303.759281235
193;0.01608269;24445599.92060561;18089612.20872275;4240340.159639845
194;0.01616602;24848499.56544597;17600886.61660282;4680422.864654263
195;0.01624935;25200314.68328054;17080401.36286936;5138545.76191407
196;0.01633268;25517784.7772872;16530941.40694779;5621944.779369224
197;0.01641601;25775236.91866211;15992663.92162323;6138646.432688821
198;0.01649934;26029343.75517494;15420517.27562518;6704993.439825654
199;0.01658267;26294116.00075928;14836403.8988701;7317551.560085408
200;0.016666;26505146.57879497;14208718.59272654;7953036.174241129
201;0.01674933;26687706.91314952;13553109.42907063;8679259.509739159
202;0.01683266;26837559.38701031;12862084.57913969;9544900.720867656
203;0.01691599;26938061.8359493;12139657.77906779;10463545.64902755
204;0.01699932;27006433.18134417;11377600.3691718;11402125.3363634
205;0.01708265;27037489.14061062;10583928.99222491;12308484.71133271
206;0.01716598;27013428.77451414;9750253.143405622;13202507.84766591
207;0.01724931;26940580.36384672;8879381.048758034;14094873.02382023
208;0.01733264;26827770.15446841;7991375.952653714;14935473.86935044
209;0.01741597;26683711.11458969;7102374.422087949;15744384.62377562
210;0.0174993;26486581.46642842;6208748.17365588;16505896.54347968
211;0.01758263;26265074.35833709;5313463.0240222;17277232.11844045
212;0.01766596;25977918.42483913;4430516.975944838;18011630.24605474
213;0.01774929;25700938.13227434;3582174.383389266;18739588.28749646
214;0.01783262;25365664.84362751;2763153.806991028;19439012.44013125
215;0.01791595;25017279.44227418;1995530.251522974;20060635.5817866
216;0.01799928;24642370.61975268;1273579.512682033;20687697.18805309
217;0.01808261;24250661.21477346;612274.2871472712;21269477.07432183
218;0.01816594;23821404.15684026;124173.5712745667;21831786.65125326
219;0.01824927;23376036.89738219;601021.5983555838;22357035.96256234
220;0.0183326;22901972.26191583;1121412.387182562;22835849.39202975
221;0.01841593;22411018.88060704;1612088.858844128;23270702.64413286
222;0.01849926;21906699.98297797;2076481.838437868;23667250.03382153
223;0.01858259;21346160.58338508;2523888.177365514;24001384.39784164
224;0.01866592;20799631.20623229;2962856.92081325;24311047.68467167
225;0.01874925;20203844.62648604;3393360.681811081;24591572.47534482
226;0.01883258;19582076.37847234;3824694.004318126;24808401.78035779
227;0.01891591;18943168.42639688;4255427.293815424;24985451.00087057
228;0.01899924;18257035.38696767;4695341.336797033;25221119.01261242
229;0.01908257;17562818.60563105;5166813.014825341;25315582.2295186
230;0.0191659;16823280.29511223;5670462.097099462;25465580.50989094
231;0.01924923;16073430.82429462;6264392.522102667;25558428.86483511
232;0.01933256;15281358.4959524;6910359.64660978;25623068.98321712
233;0.01941589;14462233.57432879;7588321.397707409;25671303.06324627
234;0.01949922;13630204.97378832;8270627.147504553;25699811.18762693
235;0.01958255;12769428.63350894;8977899.06589229;25711632.0545794
236;0.01966588;11866104.48109657;9714965.116279785;25664739.25585501
237;0.01974921;10956833.90881654;10468710.16607331;25634144.65451784
238;0.01983254;10022092.91775515;11239884.866542;25539520.26001861
239;0.01991587;9071245.240707332;12017454.78636625;25426246.14793607
240;0.0199992;8104655.774630182;12802586.69788127;25271818.43580476
241;0.02008253;7149223.579933491;13594618.50277431;25100808.27445702
242;0.02016586;6202728.446365879;14387026.10648436;24909740.94441465
243;0.02024919;5264646.2825117;15194334.71013695;24695322.48517149
244;0.02033252;4359396.603338438;15987551.27847108;24480568.4077243
245;0.02041585;3484727.415281718;16776298.83934346;24247284.72010391
246;0.02049918;2672846.322263918;17551627.607902;23997324.46669482
247;0.02058251;1932896.912438565;18311929.953816;23737170.17757239
248;0.02066584;1272146.607913408;19046237.48158745;23476838.93625146
249;0.02074917;695086.6753852635;19766143.1668135;23194528.57300733
250;0.0208325;175716.7673595105;20479295.63935239;22907373.52072746
251;0.02091583;318040.1166771486;21164945.86644865;22590988.07265229
252;0.02099916;779010.181110336;21771651.52123407;22255572.67082117
253;0.02108249;1227757.437463533;22350904.13196517;21898127.7318921
254;0.02116582;1668723.031423894;22893878.57979405;21521104.02711444
255;0.02124915;2103920.516555557;23403389.87533976;21112383.20773952
256;0.02133248;2535140.62437551;23837980.11403714;20652442.15967038
257;0.02141581;2962604.330830715;24234125.40720979;20167543.21078476
258;0.02149914;3385783.75067443;24587137.76133488;19662426.47879089
259;0.02158247;3809024.219187408;24897034.09764177;19117944.99646122
260;0.0216658;4232478.07898028;25161415.74393861;18519909.74632282
261;0.02174913;4660018.937692858;25360740.19425139;17881597.65216227
262;0.02183246;5109086.223789317;25532948.34000356;17213950.33326109
263;0.02191579;5586438.524826923;25654502.14161452;16503634.3051348
264;0.02199912;6092898.732555834;25747386.06785758;15753651.99625109
265;0.02208245;6652088.038953625;25799396.41863242;14971869.53651294
266;0.02216578;7294837.479012211;25825363.235446;14159901.22138584
267;0.02224911;7997850.516917189;25810016.36917017;13296694.24990076
268;0.02233244;8728125.901093543;25759551.58803446;12412324.2936558
269;0.02241577;9504739.869947849;25688077.06331247;11510574.53055697
270;0.0224991;10314219.39718824;25574875.06453665;10605923.34969185
271;0.02258243;11116964.40841907;25435971.88356804;9685895.440748403
272;0.02266576;11900772.42570589;25276779.04292236;8770963.619252698
273;0.02274909;12633940.07221322;25077977.30565651;7847913.972937764
274;0.02283242;13337574.18147491;24839223.19800655;6935225.478535115
275;0.02291575;14033453.67483144;24572987.65662639;6041214.257139121
276;0.02299908;14725770.60521169;24301108.86253626;5156790.605449293
277;0.02308241;15414269.22257048;23981063.37526545;4303704.591606759
278;0.02316574;16070745.43563972;23662852.70725268;3505364.522995815
279;0.02324907;16707206.94034602;23315803.11648169;2752959.489830009
280;0.0233324;17348075.79656953;22983543.58691902;2052647.545322078
281;0.02341573;17959919.28525638;22638846.50062554;1406478.490477563
282;0.02349906;18540409.69174687;22290577.6494196;813890.8435579257
283;0.02358239;19089756.84074057;21926010.73377849;267758.3934845596
284;0.02366572;19613905.63846879;21550629.49660672;240482.4666533432
285;0.02374905;20135962.23785111;21162449.33667899;715558.9705498107
286;0.02383238;20650982.7226081;20763142.79508532;1171591.347262062
287;0.02391571;21121010.88184592;20343823.39164392;1615822.206293243
288;0.02399904;21570971.93247916;19903049.09057249;2053460.829260159
289;0.02408237;21997504.27538928;19437450.28640367;2490638.119412098
290;0.0241657;22415408.0484945;18965277.1005604;2924809.425108398
291;0.02424903;22827394.76629234;18483149.76739562;3360115.181121822
292;0.02433236;23209716.04936223;17977827.54817092;3797731.9432777
293;0.02441569;23558778.23020352;17464483.01099899;4231978.730255995
294;0.02449902;23903008.20204831;16945127.39669037;4675994.714315823
295;0.02458235;24245302.67792964;16405818.67820024;5136722.657746103
296;0.02466568;24593298.50591376;15849184.83785536;5626439.24078756
297;0.02474901;24896274.17019404;15271040.55935375;6150955.486022673
298;0.02483234;25160461.76491201;14681159.31282942;6720081.332599434
299;0.02491567;25431459.07128774;14066790.2007128;7337261.781114389
300;0.024999;25664486.92305895;13414474.44627701;8002266.651065493
301;0.02508233;25839372.10571263;12758907.98092736;8762919.888639655
302;0.02516566;25991300.78518934;12069849.73507656;9654642.348985992
303;0.02524899;26102173.96204726;11360480.59142111;10602270.12330046
304;0.02533232;26164176.23789513;10629646.14379158;11525571.9569812
305;0.02541565;26194596.32576263;9879493.379891839;12379661.37666048
306;0.02549898;26176210.23219373;9106177.872674551;13222010.27077582
307;0.02558231;26106123.3047096;8300503.530353155;14053802.60947963
308;0.02566564;26056092.46628783;7482093.739710491;14889660.36787905
309;0.02574897;25940092.28124859;6641188.26809789;15701757.74702001
310;0.0258323;25732960.19031025;5822109.820007091;16430117.72394756
311;0.02591563;25506891.65607988;5010279.515157922;17125867.71874763
312;0.02599896;25261063.97809273;4218584.604026826;17789709.77871183
313;0.02608229;25008423.25452778;3445267.505026442;18445580.66090782
314;0.02616562;24752224.2287026;2692418.260121909;19153559.78704946
315;0.02624895;24422638.17723918;1975083.374500243;19773919.83921366
316;0.02633228;24070840.53613478;1297795.421666706;20353224.09908628
317;0.02641561;23709330.68565454;659513.3872075654;20878088.51322915
318;0.02649894;23347400.02692552;140548.7427695832;21419476.69708879
319;0.02658227;22932984.93609843;552575.1423305158;21893816.3577724
320;0.0266656;22503682.92934979;1080947.857448223;22342186.8850223
321;0.02674893;22048187.92826169;1582211.049841643;22753940.00192223
322;0.02683226;21569257.17718809;2059343.106506808;23139087.96202398
323;0.02691559;21047934.44477472;2517328.904486463;23484588.16051794
324;0.02699892;20509542.03040533;2958153.672028082;23778376.8081949
325;0.02708225;19934281.04186067;3395050.77090719;24072824.01871894
326;0.02716558;19382003.53407149;3818655.603313416;24321451.69708306
327;0.02724891;18741554.61819433;4246637.006662803;24504033.01829966
328;0.02733224;18090502.6389879;4695045.955395033;24701906.26871962
329;0.02741557;17354499.0127529;5179269.532927885;24859840.26970003
330;0.0274989;16643045.53828679;5720211.912420901;25000344.04704708
331;0.02758223;15878319.49571207;6345314.093733557;25111056.79499649
332;0.02766556;15087533.49217018;7004473.73990274;25210195.31521932
333;0.02774889;14271797.71658057;7692122.500460121;25281860.90243543
334;0.02783222;13439674.99603217;8377711.232211529;25315924.48350774
335;0.02791555;12583129.28196489;9100240.095382119;25336063.29528322
336;0.02799888;11701766.34478569;9841773.74503204;25344826.62825149
337;0.02808221;10816582.99901718;10583461.46704055;25300443.38824587
338;0.02816554;9916438.367099661;11358286.24500648;25263446.27829217
339;0.02824887;8988713.740893248;12142897.69535314;25114776.92530506
340;0.0283322;8049547.294899915;12928374.23442762;24996812.1386966
341;0.02841553;7091606.136952559;13725408.85309462;24862335.14397683
342;0.02849886;6139045.02998561;14506961.07298113;24679378.29606086
343;0.02858219;5199435.334209861;15290862.34852568;24481278.61349057
344;0.02866552;4292215.427168018;16030241.86262687;24256816.35032797
345;0.02874885;3426200.467276164;16781636.27023171;24010103.11487809
346;0.02883218;2620489.123156931;17536068.32234273;23765074.03830557
347;0.02891551;1887876.943911917;18295513.97375033;23518241.17817753
348;0.02899884;1239382.531219495;19020300.51999447;23264359.44787506
349;0.02908217;671976.9627547268;19724064.23043131;23000349.01273415
350;0.0291655;161045.9574749524;20415501.06317376;22720527.47785763
351;0.02924883;321917.0890603127;21069650.37672907;22430048.02814524
352;0.02933216;782089.5393552936;21745917.35250203;22134317.76178323
353;0.02941549;1230038.030512205;22331512.5756884;21801420.009851
354;0.02949882;1668187.592817367;22874875.40252257;21454698.16374328
355;0.02958215;2106244.090447624;23412147.30417374;21073776.64914111
356;0.02966548;2535440.97306663;23862030.68706486;20652105.87215394
357;0.02974881;2961954.18157612;24298695.17841222;20206154.67862637
358;0.02983214;3382953.089827538;24659166.52988773;19708370.28332499
359;0.02991547;3801805.989608857;24978479.8639531;19170308.54504893
360;0.0299988;4223910.005519076;25234729.85999297;18592257.50804544
361;0.03008213;4654729.203492865;25462755.50483231;17978252.52992085
362;0.03016546;5113417.021313437;25642817.94434347;17319427.82208376
363;0.03024879;5594646.68356418;25774787.66948352;16619821.13679083
364;0.03033212;6116554.141281814;25871065.22467573;15876330.66392773
365;0.03041545;6686310.264017144;25934195.42229979;15108870.55595594
366;0.03049878;7352414.398581313;25951190.3624848;14287689.48584561
367;0.03058211;8058819.181990222;25935302.83255545;13443336.84749156
368;0.03066544;8790888.628846964;25870496.53455351;12564108.05975067
369;0.03074877;9572047.40569305;25780148.62448189;11655103.02821912
370;0.0308321;10397001.15785621;25663451.15822025;10740120.69133348
371;0.03091543;11191172.22489674;25503565.51114093;9816532.81441134
372;0.03099876;11959206.42763071;25340133.94604742;8887899.332524842
373;0.03108209;12716118.08451543;25116078.96406856;7952782.14680003
374;0.03116542;13434704.61898729;24886396.65398164;7024851.977614963
375;0.03124875;14117723.15890132;24608884.21424688;6108404.45145195
376;0.03133208;14811142.14307895;24313971.98361984;5211887.908151072
377;0.03141541;15490776.19747843;24007450.6011213;4345572.981021719
378;0.03149874;16160205.96138665;23674272.91630037;3530270.099893459
379;0.03158207;16828732.48222502;23331479.16441832;2770614.620965724
380;0.0316654;17468710.50307103;22993482.0514547;2070835.400572732
381;0.03174873;18072242.39704487;22642308.02421186;1423972.488471869
382;0.03183206;18660103.49198193;22289841.76418003;829220.1235182447
383;0.03191539;19208612.13400267;21940798.44346599;283986.9582968407
384;0.03199872;19763014.1496862;21583642.62839824;226660.4533915627
385;0.03208205;20303118.38303345;21207515.70129633;702998.0090848545
386;0.03216538;20817639.19464914;20815113.83677693;1160998.465090303
387;0.03224871;21299794.96077241;20400250.99151986;1606691.137574834
388;0.03233204;21762846.23620212;19958556.17651834;2045569.983223952
389;0.03241537;22184703.68269578;19499990.75882371;2483540.140414195
390;0.0324987;22601802.05339327;19029571.75560434;2917127.879568865
391;0.03258203;23012772.38780227;18557122.15728949;3353185.112087571
392;0.03266536;23418384.01547923;18061311.97029501;3790307.308912421
393;0.03274869;23792448.05303982;17554501.42985782;4225584.999637876
394;0.03283202;24172605.59222392;17036725.51636689;4669315.121751498
395;0.03291535;24518306.08592227;16509995.39828975;5133339.6062855
396;0.03299868;24846677.9330026;15965836.46180938;5620664.40371699
397;0.03308201;25147094.67374162;15401986.41667872;6153565.172504934
398;0.03316534;25443540.63015845;14814643.75846056;6729565.542495299
399;0.03324867;25679838.42996732;14204556.31101532;7349666.707809775
400;0.033332;25888724.51286019;13574596.08038651;8020608.285618883
401;0.03341533;26068040.33378216;12921689.41253387;8793337.639627034
402;0.03349866;26204727.87856913;12236764.31629635;9695192.882328007
403;0.03358199;26313107.10437832;11524808.51189689;10650763.9264632
404;0.03366532;26385891.88330118;10793251.60485303;11557361.76863661
405;0.03374865;26432922.1963334;10031743.29950584;12450802.23984701
406;0.03383198;26442821.37001832;9252164.648294631;13317168.00633617
407;0.03391531;26400613.04610039;8443131.933895266;14158436.48326226
408;0.03399864;26321638.56500012;7609422.586555369;14960726.81457792
409;0.03408197;26193899.33286883;6764060.939568665;15752777.02197133
410;0.0341653;26035897.30716975;5917141.450376356;16518309.56607808
411;0.03424863;25831634.58520807;5086441.48324986;17201344.72775797
412;0.03433196;25594878.91025376;4271386.532532836;17900603.85365744
413;0.03441529;25335543.20531717;3480277.336360806;18549547.43451967
414;0.03449862;25040073.48606582;2711005.39789788;19240531.91530252
415;0.03458195;24729132.33501233;1983394.891167402;19858028.81670794
416;0.03466528;24366948.70668315;1296272.601314067;20427893.58807975
417;0.03474861;23986460.76177811;645586.7809109186;21010430.4803349
418;0.03483194;23577653.34680212;134970.6014156751;21485018.76388781
419;0.03491527;23130657.32882575;563977.2203613585;21907576.62237993
420;0.0349986;22665764.912405;1093883.668389472;22351443.71927542
421;0.03508193;22174306.84556706;1596898.594952614;22740617.81341174
422;0.03516526;21669149.20764611;2072386.357565196;23094985.26550238
423;0.03524859;21139077.02852179;2528093.911994932;23416690.69572318
424;0.03533192;20589148.22624704;2969619.838516187;23724267.60264575
425;0.03541525;20022109.92409875;3403399.069945529;23986933.40655335
426;0.03549858;19433150.81898757;3831815.64141303;24210428.16657612
427;0.03558191;18815304.94333178;4256869.88063908;24413283.21583233
428;0.03566524;18175165.96054681;4713532.293213014;24620880.62625551
429;0.03574857;17500977.21894865;5195086.190454938;24787300.37284162
430;0.0358319;16791309.29917731;5738478.465646109;24908818.12431654
431;0.03591523;16046009.86752722;6370048.975829342;25039934.89172624
432;0.03599856;15262652.68174689;7033441.183009535;25135769.7984631
433;0.03608189000000001;14447787.25371578;7727706.16383009;25209304.67267385
434;0.03616522;13606390.43783785;8427552.429690462;25268061.89656858
435;0.03624855;12742992.78558883;9152077.674272954;25268677.11070582
436;0.03633188;11857440.68396646;9902997.59580213;25295767.65513217
437;0.03641521;10962973.26902604;10654631.37601356;25283987.30690098
438;0.03649854;10057173.46677354;11431460.82797315;25170454.97733874
439;0.03658187;9126338.379013518;12217980.32740207;25090103.02070745
440;0.0366652;8177210.612992866;13031333.55244064;24968226.30367535
441;0.03674853;7213018.786817874;13839267.92805082;24821290.57964979
442;0.03683186;6273850.396983954;14627027.8424602;24659514.20665079
443;0.03691519;5356398.84373976;15387894.57803991;24469601.53836999
444;0.03699852;4464508.676428379;16133312.90583823;24260837.20676381
445;0.03708185;3610043.98458167;16873891.88919782;24028077.28763599
446;0.03716518;2792731.893798395;17624442.50001748;23783425.38907729
447;0.03724851;2025538.191600723;18380834.67865524;23543875.42534801
448;0.03733184000000001;1333539.318618355;19103947.06181542;23300579.16059178
449;0.03741517;733606.7029963932;19806592.96315863;23049226.68886762
450;0.0374985;193786.748990749;20517245.37279024;22788345.72684784
451;0.03758183;313017.401479111;21191998.23285314;22512471.55671941
452;0.03766516;785494.4045684775;21838248.6387735;22218186.3808351
453;0.03774849;1242362.1220124;22444174.74974204;21901836.10542208
454;0.03783182;1688455.231253102;23015277.7417889;21558800.92797342
455;0.03791515;2126019.893963823;23526916.91613109;21175637.85874742
456;0.03799848;2557652.024791595;23986882.86674919;20762712.88642555
457;0.03808181;2984907.202815956;24416959.72258068;20322406.96058735
458;0.03816514;3408074.773603489;24793135.24675869;19838352.94619403
459;0.03824847;3830836.238025371;25116836.84573236;19313896.48264719
460;0.0383318;4256266.31802073;25414845.73154737;18753787.14636347
461;0.03841513;4684070.524533876;25642583.61106864;18139033.60163917
462;0.03849846;5136898.018444171;25812544.54000096;17487241.84292202
463;0.03858179;5613632.095178489;25953410.07425301;16787448.39285784
464;0.03866512;6132481.065135675;26040164.16068767;16045891.16781157
465;0.03874845;6696125.040615372;26094813.06832305;15266401.98291208
466;0.03883178;7351071.148843649;26103912.80779361;14436472.59776649
467;0.03891511;8069068.072884809;26083568.94571741;13585731.08563612
468;0.03899844;8801901.776635896;26015952.68628844;12690351.75855092
469;0.03908177;9582722.86888258;25917043.68418908;11772275.61072935
470;0.0391651;10416576.22084781;25788279.79982282;10841566.12992698
471;0.03924843;11223816.41332442;25624329.17095442;9899779.029911866
472;0.03933176;11999473.216888;25437716.96076329;8956418.235043773
473;0.03941509;12772701.23344414;25212874.20434968;8005348.756694474
474;0.03949842;13535653.87388088;24971751.52355325;7057376.711234117
475;0.03958175;14229626.97311569;24693274.33396125;6128618.932368251
476;0.03966508000000001;14916062.30466634;24403451.57298328;5225954.131224806
477;0.03974841;15597608.58572212;24087262.84013062;4353233.105700908
478;0.03983174;16289653.84552073;23749856.83993519;3529725.485357639
479;0.03991507;16947442.86252548;23413879.43833795;2768415.443107805
480;0.0399984;17596322.19531459;23065092.80975611;2065958.374706083
481;0.04008173;18202334.36947381;22704758.19186763;1418732.528603221
482;0.04016506;18793715.53197944;22341373.95277814;824152.6553922751
483;0.04024839;19335766.45579544;21980962.92021419;280415.6690070796
484;0.04033172;19859371.44327929;21617377.93560261;228039.6385979563
485;0.04041505;20388325.82896325;21226501.75884052;703748.3750959084
486;0.04049838;20909926.48479397;20838743.71746349;1160236.567876235
487;0.04058171;21393027.54921139;20423950.30049893;1605516.175898532
488;0.04066504;21854729.48898671;19976935.59667967;2045306.618974628
489;0.04074837;22279426.80408726;19520583.46782502;2483373.648446841
490;0.0408317;22698342.67434754;19042161.53987993;2917535.593271284
491;0.04091503000000001;23110793.20055433;18555631.50889814;3354077.293062459
492;0.04099836;23493603.96658576;18062560.91383494;3789545.957581147
493;0.04108169;23839881.26604958;17545905.94551032;4224007.545905495
494;0.04116502;24163007.2879714;17019581.29756199;4667935.776059013
495;0.04124835;24499441.62280276;16485959.16872006;5129306.871364902
496;0.04133168;24782695.66552647;15919442.0162146;5620005.562799057
497;0.04141501;25055631.45200397;15356511.33527027;6149019.409485273
498;0.04149834;25328867.90443913;14773614.00741728;6723391.11088771
499;0.04158167;25585274.92747798;14165828.63928098;7347773.284603828
500;0.041665;25815327.42171803;13543073.47435618;8010061.064903222
501;0.04174833;26028960.83362202;12898681.77857184;8772041.813014865
502;0.04183166;26193908.68510986;12235084.87777965;9695087.97092017
503;0.04191499;26332703.80185993;11535322.35661272;10639568.65787956
504;0.04199832000000001;26430462.14773465;10809479.05602049;11567604.10285147
505;0.04208165;26471108.25221835;10069541.98591712;12442015.8147784
506;0.04216498;26477122.4334936;9294079.353695067;13312801.89536444
507;0.04224831;26435135.21229748;8489239.121646827;14157304.23428714
508;0.04233164;26355620.63529444;7664314.063693992;14955932.14195764
509;0.04241497;26222627.6751177;6823306.365675512;15750212.6268893
510;0.0424983;26067179.2661063;5978771.428340555;16514732.99774591
511;0.04258163;25876018.10334109;5136498.394533437;17245959.67455215
512;0.04266496;25635259.01968735;4324881.695130857;17926070.16322821
513;0.04274829;25349705.29509518;3536084.234833768;18554125.54115599
514;0.04283162;25015610.22914818;2762953.337104605;19211985.53291083
515;0.04291495;24656084.16726819;2028788.955800539;19829225.47730007
516;0.04299828;24292941.4151048;1331448.603211682;20441252.85351323
517;0.04308161;23894010.22220287;678146.2391550507;20970096.82442807
518;0.04316494;23497620.01549333;141736.0497986512;21479578.02559787
519;0.04324827000000001;23078090.15056222;550721.9415760072;21983485.75180999
520;0.0433316;22630515.0787646;1083791.397439587;22431349.28874475
521;0.04341493;22158350.53017374;1589110.100101524;22833789.07486556
522;0.04349826;21673267.56688423;2065336.61748699;23182691.92662174
523;0.04358159;21158578.11694751;2524344.083736302;23531630.62041337
524;0.04366492;20611778.07904289;2967173.320845773;23845933.18143821
525;0.04374825;20061564.48041648;3401147.386821973;24092756.68241702
526;0.04383158;19483680.09513614;3827604.811262248;24315168.61434854
527;0.04391491;18879375.22034597;4253169.183001496;24524474.16517742
528;0.04399824;18234198.91430654;4708701.278876706;24714752.36292148
529;0.04408157;17546223.02345902;5197215.35245782;24888913.91481996
530;0.0441649;16815467.35209456;5741252.344938009;25006250.04841349
531;0.04424823;16048047.11496291;6372286.529991542;25134054.28225712
532;0.04433156;15241887.48204867;7041144.023218773;25212410.61759935
533;0.04441489;14413516.68923458;7736885.888668605;25292712.04821525
534;0.04449822;13572173.72724745;8436526.833775489;25326425.62124392
535;0.04458155;12707064.17591025;9166792.762956077;25351052.29253886
536;0.04466488;11823217.1846256;9929787.449605048;25359507.5029408
537;0.04474821;10927032.82666412;10682206.19756662;25331687.1869094
538;0.04483154;10027364.12327792;11462618.19754018;25243969.85368463
539;0.04491487;9114250.786124291;12257379.10684678;25139980.64539982
540;0.0449982;8188830.739133253;13066369.59454466;25023438.66523231
541;0.04508153;7252091.668084812;13872078.75638769;24879002.40019251
542;0.04516486;6308908.079144895;14663623.744248;24724205.79425331
543;0.04524819;5382308.208840246;15443768.85623243;24526789.00455292
544;0.04533152;4483220.400340158;16212300.07191779;24314449.95441423
545;0.04541485;3625965.661785171;16962157.16360582;24088644.62328494
546;0.04549818;2808203.214290508;17721435.99413424;23857566.35399754
547;0.04558151000000001;2034738.745341456;18481740.91697079;23610799.82740173
548;0.04566484;1335915.574502904;19222929.38868039;23357938.87023997
549;0.04574817;731173.1598688433;19943908.6000846;23111429.58712864
550;0.0458315;189527.15870706;20657567.76824086;22852039.73657619
551;0.04591483;317197.4049387549;21326556.81031819;22573753.54826896
552;0.04599816;790662.7245845411;21966080.45421233;22271578.97832874
553;0.04608149;1247069.608392656;22574188.93026105;21967124.96054891
554;0.04616482;1692366.536356753;23136368.05203963;21633304.72448663
555;0.04624815;2131761.014973585;23678126.43264018;21255446.70451465
556;0.04633148;2561322.615730257;24114206.54357609;20834634.1172663
557;0.04641481;2989760.775438828;24555055.17915899;20384887.65821759
558;0.04649814;3413927.085220718;24924498.08959777;19889336.6132975
559;0.04658147;3833642.342964937;25231777.23320895;19363517.14746056
560;0.0466648;4257344.583226904;25536146.09446791;18814173.95616248
561;0.04674813;4688113.598783012;25756947.47829466;18202722.23831894
562;0.04683146000000001;5140388.813038578;25929652.1778836;17540177.2671768
563;0.04691479;5620947.329124599;26057350.51452637;16836404.3042169
564;0.04699812;6138919.617771257;26140991.80139527;16091715.7464947
565;0.04708145;6707978.269592308;26192010.46721506;15308907.72924115
566;0.04716478;7368028.799696887;26192138.71436606;14475502.16392962
567;0.04724811;8078941.307860354;26165582.80495232;13621305.69705034
568;0.04733144;8817589.772923704;26101379.40071214;12731364.2088789
569;0.04741477;9598998.612997334;26000819.26541517;11811436.26184467
570;0.0474981;10445469.46111443;25873929.16152294;10875700.37233688
571;0.04758143;11249782.82498498;25721150.57014684;9934290.680314947
572;0.04766476;12024508.10300647;25533713.16111952;8989483.144119868
573;0.04774809;12802775.16895692;25303952.01792199;8031515.35954781
574;0.04783142;13530193.04515018;25064877.20746252;7089303.346909931
575;0.04791475000000001;14236151.74175299;24787775.32519418;6156285.657647646
576;0.04799808;14936693.40099502;24485992.66791678;5246371.356928964
577;0.04808141;15641595.57979805;24159624.51342389;4368368.987223543
578;0.04816474;16330188.03807907;23818759.07706293;3540697.149131606
579;0.04824807;16986278.40165524;23474678.46667091;2778213.738750722
580;0.0483314;17624105.19440182;23131276.37893607;2074439.802688397
581;0.04841473;18233241.32588045;22774689.54959973;1425107.990348015
582;0.04849806;18797410.35017027;22420672.03415626;831925.3331996647
583;0.04858139;19353411.22770713;22057645.22374955;286532.2158769376
584;0.04866472;19894508.97992037;21705487.80141626;222854.9948311721
585;0.04874805;20437240.98203433;21322291.22422878;699392.266017113
586;0.04883138;20938955.45350172;20921298.05621106;1156399.811371697
587;0.04891471;21414780.34246914;20497946.76370303;1602313.104428877
588;0.04899804;21874171.35114252;20060568.33285886;2041703.23326775
589;0.04908137;22311876.62164857;19596995.15715107;2478673.88674916
590;0.04916470000000001;22734791.67364552;19122234.78270539;2915623.833298168
591;0.04924803;23126644.19102916;18633350.83057756;3352969.591349008
592;0.04933136;23491231.68273599;18130190.36881993;3786895.40984991
593;0.04941469;23847323.28703235;17621572.40282403;4221215.85725788
594;0.04949802;24196456.80015151;17093266.84255434;4668531.786882775
595;0.04958135;24533714.17315109;16559245.01082454;5127899.751660275
596;0.04966468;24856192.57280968;16010254.12381929;5618371.195861756
597;0.04974801;25148299.81673121;15446638.13982324;6147749.278724778
598;0.04983134;25421342.09637276;14852779.20590789;6723239.812452164
599;0.04991466999999999;25676680.96011787;14247126.30101853;7348615.983484266
600;0.049998;25904468.60954202;13617250.03223175;8010880.637307337
601;0.05008133000000001;26092841.54019996;12969607.83376079;8778141.424947485
602;0.05016466;26250702.88093987;12292492.46613333;9704187.577215998
603;0.05024799000000001;26378629.30455018;11588807.96898472;10641730.50656412
604;0.05033132;26462628.68266387;10858168.94163813;11565315.50404808
605;0.05041465000000001;26508018.75311622;10101657.22225455;12454739.49682884
606;0.05049798;26491903.84076532;9306423.047589663;13337488.76524546
607;0.05058131;26438052.45968207;8486371.831292305;14193387.11196073
608;0.05066464;26338382.36052041;7649379.471425897;14989437.2338838
609;0.05074797;26218571.89971282;6805467.480022853;15789402.16860895
610;0.0508313;26031726.66575779;5952648.238824494;16556760.63118421
611;0.05091463;25817812.97484275;5125291.105825278;17263416.40722578
612;0.05099795999999999;25571119.35003037;4314368.213686941;17930740.34195563
613;0.05108129;25280949.67622561;3517383.348329016;18611820.93587048
614;0.05116461999999999;24956420.45294441;2747018.438665183;19278122.29085903
615;0.05124795;24602134.00965833;2013715.273433505;19881288.15951885
616;0.05133128000000001;24227211.96192497;1323733.389619267;20417759.60523426
617;0.05141461;23851596.48975626;677325.880364579;20954510.21603753
618;0.05149794000000001;23463911.01059262;141546.0660336243;21498097.58320824
619;0.05158127;23052750.82891383;546141.0728656899;22001616.79569466
620;0.0516646;22625247.46029724;1076828.571201675;22468964.94869302
621;0.05174793;22179670.83512626;1580169.61136677;22891950.87930853
622;0.05183126;21686741.99898208;2056270.985144079;23242345.59507839
623;0.05191459;21179811.8376989;2513543.523051808;23561326.72733548
624;0.05199792;20628585.67170459;2956214.568845639;23894184.46047577
625;0.05208125;20075137.48788974;3389846.719479711;24187514.18628357
626;0.05216458;19477019.20000226;3817391.305623602;24411706.40866426
627;0.05224790999999999;18858459.45626825;4243257.740834013;24619788.46976358
628;0.05233124;18198945.66059853;4700490.497553648;24798923.20857456
629;0.05241457000000001;17519155.32601806;5182443.765680294;24964960.28138302
630;0.0524979;16795739.39668977;5728666.899434012;25100528.00344423
631;0.05258123000000001;16035280.07768363;6354797.557648333;25225995.96415471
632;0.05266456;15231676.72623569;7025805.924411663;25311053.27881346
633;0.05274789000000001;14399012.08015206;7718407.241185232;25383866.93585578
634;0.05283122;13537695.17314909;8415902.292674106;25407605.43052741
635;0.05291455;12650404.88848702;9149161.612422965;25425289.30862478
636;0.05299788;11753530.59128596;9911486.657955825;25439317.85867007
637;0.05308121;10850000.27162996;10672530.53032426;25385906.55059099
638;0.05316454;9920432.417632235;11458643.29229961;25320994.58586367
639;0.05324787;8990750.923391595;12257361.70414311;25225683.49175287
640;0.0533312;8042513.429008785;13075043.52591244;25094233.91827314
641;0.05341453;7077228.194093212;13896312.27510949;24941990.91798372
642;0.05349785999999999;6114340.590302592;14699824.1827068;24768254.68429934
643;0.05358119;5158797.836630706;15493950.30441857;24567639.68935158
644;0.05366452000000001;4255728.414275784;16264134.96335246;24353726.53672291
645;0.05374785;3403365.83312447;17017623.15839263;24114990.24703763
646;0.05383118000000001;2608797.062390196;17769193.78728124;23882056.97540261
647;0.05391451;1882811.869749436;18507954.35132523;23622640.92959564
648;0.05399784000000001;1234959.005485832;19252297.82583482;23385498.28362638
649;0.05408117;667990.0157589054;19978550.99165897;23139153.80333207
650;0.0541645;160402.8200389276;20681607.58338404;22883288.63097674
651;0.05424783;321850.7050372856;21366565.69082872;22594610.06991028
652;0.05433116;778954.1293006848;22002604.90516811;22279051.0524857
653;0.05441449;1225832.903666896;22596694.65239848;21972263.31822904
654;0.05449782;1665782.604059819;23159139.4612591;21646995.42005133
655;0.05458114999999999;2100742.167204506;23678997.1162646;21271850.74082623
656;0.05466448;2530103.633311886;24131074.60379237;20856065.81622263
657;0.05474781000000001;2955925.723768025;24549471.95395485;20409340.11625724
658;0.05483114;3376823.18499646;24907873.642933;19913104.24757091
659;0.05491447000000001;3796174.627529779;25237733.33143362;19382401.97859337
660;0.0549978;4215756.377574735;25520682.27316537;18810894.79698687
661;0.05508113000000001;4652161.939175743;25774223.70141265;18203427.09754033
662;0.05516446;5106546.948123951;25941687.12313492;17556584.00478888
663;0.05524779;5592097.731499606;26078634.69994633;16866037.3137327
664;0.05533112;6121705.313250873;26163645.99831863;16122308.62672006
665;0.05541445;6692313.74974495;26220489.93561376;15329957.75889069
666;0.05549778;7358840.207029692;26228198.08018114;14496496.5824825
667;0.05558111;8069637.74867927;26202073.18882479;13636677.42207423
668;0.05566444;8803287.648829691;26143604.8647495;12746117.79087717
669;0.05574777;9602972.562076254;26048455.24548182;11827807.57262625
670;0.05583109999999999;10431218.344856;25918449.91286738;10889674.53825021
671;0.05591443;11216621.64741528;25761701.69834182;9942467.206702009
672;0.05599776000000001;11995496.66489829;25564571.01135694;8991289.34061848
673;0.05608109;12780341.59977844;25338109.03541803;8027885.794644782
674;0.05616442000000001;13538391.16638652;25081228.60462371;7070545.134898243
675;0.05624775;14225654.4886732;24818818.46398245;6144525.743163341
676;0.05633108000000001;14909508.84145265;24514754.46740326;5233328.534087141
677;0.05641441;15598305.80516482;24190077.97694859;4358569.850947118
678;0.05649774;16303141.69060674;23858733.98836724;3533082.241696063
679;0.05658107;17000621.61690418;23517365.55876946;2769626.121745788
680;0.0566644;17636610.36257179;23174010.78110928;2069018.263720013
681;0.05674773;18242119.28049307;22814211.70242786;1420864.495451236
682;0.05683106;18816246.83454411;22460553.43509161;828312.1668853648
683;0.05691439;19382138.53580014;22102176.60040903;284319.8462449161
684;0.05699772;19942032.55354322;21746719.8122829;223859.2460894456
685;0.05708104999999999;20474319.53272162;21366715.0904529;699207.1065557852
686;0.05716438;20980493.99412917;20970137.2822155;1155036.832965167
687;0.05724771000000001;21481941.6568666;20547832.74184326;1601041.013315588
688;0.05733104;21931163.90752187;20106839.04852154;2039680.419262401
689;0.05741437000000001;22370073.87780835;19653301.31373394;2477425.089753285
690;0.0574977;22810711.29209115;19175782.22735769;2913635.49329869
691;0.05758103000000001;23224161.53057411;18688459.98968447;3350420.099543208
692;0.05766436;23591281.72867205;18189245.36038596;3785129.281032415
693;0.05774769;23963301.369693;17681259.77657007;4219362.341683649
694;0.05783102;24281922.97378056;17155716.87188113;4666702.832452728
695;0.05791435;24591141.11833317;16614867.57806945;5125513.220067401
696;0.05799768;24888000.53523387;16055059.79302773;5615377.439250313
697;0.05808101;25136744.59383062;15474704.79978935;6145836.08064428
698;0.05816433999999999;25382530.55049257;14865997.94981816;6722316.469882838
699;0.05824767;25602600.3013262;14248952.45661987;7346320.659021832
700;0.05833100000000001;25820841.98938017;13609358.22340719;8005155.121315778
701;0.05841433;25984722.04853943;12942420.42525499;8765439.037995527
702;0.05849766000000001;26158279.38578435;12263370.14178496;9698106.885629218
703;0.05858099;26277652.43918785;11554652.00805574;10631425.20768505
704;0.05866432000000001;26374362.48227687;10825472.16284458;11557114.38471747
705;0.05874765;26422223.43639286;10070080.15762463;12447256.0099954
706;0.05883098;26424205.75966224;9282317.397734089;13328379.31290419
707;0.05891431;26392126.84518427;8468541.461115932;14199587.81807377
708;0.05899764;26308133.72865317;7637934.188295902;15012785.17548368
709;0.05908097;26184971.91509164;6804599.982841868;15779485.79718704
710;0.0591643;26023430.49267501;5964406.780249783;16505934.09574685
711;0.05924763;25822813.4365448;5134740.283048782;17202574.70867826
712;0.05933096;25606777.02358131;4316006.639906937;17911593.4823201
713;0.05941428999999999;25352453.11292301;3517500.074659387;18603938.09826449
714;0.05949762;25071899.0215442;2751522.417114204;19244234.91137518
715;0.05958095000000001;24756729.40231953;2023842.194093516;19815999.99182301
716;0.05966428;24397703.17923988;1332674.790084388;20389197.44102832
717;0.05974761000000001;24007971.59279649;680466.4772524707;20965110.2483591
718;0.05983094;23597944.38931038;140993.3114614843;21511559.58068675
719;0.05991427000000001;23164678.24759228;549069.6799925915;22004530.8140605
720;0.0599976;22711820.32975795;1080895.480084053;22460658.10124213
721;0.06008093;22243150.40250021;1588006.528807584;22900019.47800545
722;0.06016426;21754612.29373481;2060153.881214682;23243812.03452561
723;0.06024759;21251421.90278365;2514433.467865679;23574139.71609989
724;0.06033092;20712057.40046698;2963060.240423912;23882024.9089944
725;0.06041425;20164321.16868248;3391481.202381503;24159780.50595703
726;0.06049758;19577797.25667202;3822112.733402275;24413548.59205037
727;0.06058091;18959180.54195654;4249451.128486335;24612686.49978495
728;0.06066424000000001;18301168.25929571;4705837.258504217;24813822.27835235
729;0.06074757;17626572.30892123;5185467.375285174;24980137.82334702
730;0.06083090000000001;16901499.00623445;5737306.357139034;25100363.42796937
731;0.06091423;16154425.85446391;6358042.127238481;25217411.94688327
732;0.06099756000000001;15369758.79210377;7022177.754088181;25319417.10814039
733;0.06108089;14549753.32748234;7720111.016190527;25392288.37024819
734;0.06116422000000001;13705218.48578148;8419244.018618843;25417075.47016488
735;0.06124755;12843426.00865372;9156030.016057216;25473180.50332031
736;0.06133088;11965366.72405531;9908074.117436992;25458920.08344839
737;0.06141421;11051560.70876814;10668863.14330251;25404747.30738267
738;0.06149754;10133197.03818966;11458973.04095064;25364877.04231297
739;0.06158087;9195475.565986656;12260427.71195697;25249319.13335937
740;0.0616642;8245952.521470096;13069075.65769822;25128227.85176851
741;0.06174752999999999;7290672.75737327;13884509.60840429;24982978.42336198
742;0.06183086;6336778.149156196;14686510.64426604;24808835.56488669
743;0.06191419000000001;5406051.492121628;15464705.41324335;24595128.68308493
744;0.06199752;4507554.729584054;16230926.13893328;24396069.66716558
745;0.06208085000000001;3646502.177988658;16980060.59745331;24161032.92784863
746;0.06216418;2825860.893625069;17736190.19034542;23937346.49302082
747;0.06224751000000001;2049260.460948875;18487430.94305206;23689916.00850677
748;0.06233084;1346415.395918952;19226892.82675717;23440111.80457829
749;0.06241417;736769.5026147353;19956211.33902167;23178519.99780168
750;0.0624975;191573.4192018741;20691824.9307755;22910965.98770628
751;0.06258083;315512.5923556852;21350600.1450216;22621721.10071637
752;0.06266416;791644.7167932468;22013567.0774654;22319212.33884938
753;0.06274749;1246675.481662757;22601067.99402062;21996814.8567204
754;0.06283082;1694420.062811467;23172718.48735607;21654130.24348849
755;0.06291415;2130882.796314607;23676140.14446449;21267917.63674502
756;0.06299747999999999;2562582.252120279;24139733.45269994;20848752.68034517
757;0.06308081;2989495.488577346;24551363.89870282;20393325.6445677
758;0.06316414000000001;3415194.113509024;24912721.65427194;19891628.86562023
759;0.06324747;3837414.842049787;25228520.90209403;19356277.3519579
760;0.06333080000000001;4258019.639504771;25496400.09396081;18782735.82835447
761;0.06341413;4689251.573601224;25738673.80851108;18170461.97653303
762;0.06349746000000001;5139349.086180943;25918440.655795;17514344.67542865
763;0.06358079;5617328.939253952;26046276.50877561;16811349.98998213
764;0.06366412;6141526.632397101;26139783.4320029;16069835.50552404
765;0.06374745;6707622.165385047;26196295.72280283;15285447.79992305
766;0.06383078;7367090.846542239;26210007.80231211;14464499.54823793
767;0.06391411;8076284.88356189;26192087.65645809;13615903.45868543
768;0.06399744;8821085.517852809;26141614.99921008;12734913.40318218
769;0.06408077;9611100.932339398;26039036.76052976;11817381.93068424
770;0.0641641;10454437.7625919;25927499.69735422;10883696.46229685
771;0.06424743000000001;11268820.592009;25773697.9308259;9944073.076679792
772;0.06433076;12048192.96816614;25598369.15373287;9001847.402283475
773;0.06441409000000001;12818639.51462337;25380760.61538893;8053788.70798164
774;0.06449742;13552900.42687722;25136207.86998396;7112935.916631417
775;0.06458075000000001;14271417.52537961;24863418.88581564;6178012.845348359
776;0.06466408;14992404.07430595;24571171.60965164;5269867.848886712
777;0.06474741000000001;15699319.86322043;24238993.96920872;4390899.769029852
778;0.06483074;16375850.3614146;23907239.63159075;3561487.618641815
779;0.06491407;17046128.882945;23561160.75314307;2796075.299190324
780;0.0649974;17691468.88337305;23224139.28947621;2089560.065483233
781;0.06508073;18305622.39164234;22870343.50990304;1438826.498869627
782;0.06516406;18873130.12595924;22516778.30263792;842147.9368594108
783;0.06524739;19437313.19548023;22156413.62847328;293549.9881315596
784;0.06533071999999999;19978354.23508862;21797590.51267193;217652.9976129824
785;0.06541405;20495472.46873377;21408202.90820298;695483.8326902303
786;0.06549738000000001;21008582.21563456;21010323.17506521;1154697.353957413
787;0.06558071;21468324.57691266;20586334.86071561;1599252.357677881
788;0.06566404000000001;21913057.66293157;20140563.15749449;2039696.045089795
789;0.06574737;22355107.64047398;19671226.5961506;2478647.106859891
790;0.06583070000000001;22773476.66166778;19185246.1615132;2914150.180175525
791;0.06591403;23137098.85510799;18691647.82331514;3349737.591574158
792;0.06599736;23498482.63186982;18185471.95588599;3786577.184932995
793;0.06608069;23880488.37048474;17681385.28140255;4222399.542956323
794;0.06616402;24213036.78586816;17152385.69105331;4669441.836065161
795;0.06624735;24519329.31990736;16608822.95943992;5128825.785963429
796;0.06633068;24836480.5719814;16053656.95146938;5618597.986007333
797;0.06641401;25116756.36920411;15471931.07181304;6154907.17144401
798;0.06649734;25412582.13004199;14872957.34322801;6733614.300721347
799;0.06658066999999999;25668512.9787544;14264478.82737245;7362481.308106245
800;0.066664;25906809.60347001;13632405.36290715;8016360.405043922
801;0.06674733000000001;26113071.02369015;12965809.21136554;8792037.724260088
802;0.06683066;26271070.55235118;12291984.72438143;9731994.122892072
803;0.06691399000000001;26408654.49159554;11578843.62374022;10678989.28932716
804;0.06699732;26486020.74265095;10851535.75470723;11605940.26445077
805;0.06708065000000001;26544295.203461;10092372.90540197;12513688.48336262
806;0.06716398;26545875.29882151;9314503.430805707;13387483.83312998
807;0.06724731;26493932.8838852;8514292.038268549;14238060.61394782
808;0.06733064;26407964.10093565;7681658.326990204;15045851.26259208
809;0.06741397;26267462.06885006;6840212.059081289;15823341.81186376
810;0.0674973;26089756.87706074;5987294.36840776;16562358.07944297
811;0.06758063;25872517.70122983;5148757.924069236;17275304.09450128
812;0.06766396;25634700.3963424;4324043.653331148;17992710.23680218
813;0.06774729;25368324.20957746;3516561.201980848;18712054.33109785
814;0.06783062000000001;25069765.26216323;2741625.845407881;19409896.77782525
815;0.06791395;24747951.05418325;2001709.246014692;20073270.73317574
816;0.06799728000000001;24409414.66231638;1309773.830136652;20648820.65364951
817;0.06808061;24042694.53649461;661840.9132040874;21199418.72981765
818;0.06816394000000001;23652658.83024717;135970.3042468004;21686896.11613621
819;0.06824727;23227387.24278283;554625.6902249937;22156544.35222804
820;0.06833060000000001;22792217.09387309;1085234.751043751;22627500.94217651
821;0.06841393;22323433.24044582;1590478.907090865;23074241.67582226
822;0.06849726;21829071.99099765;2064443.871595477;23427639.26898028
823;0.06858059;21307354.68517657;2520147.175615049;23761661.80309429
824;0.06866392;20763172.53981337;2964071.946621623;24082357.11474527
825;0.06874725;20185722.5297972;3397153.144228417;24333138.39394018
826;0.06883058;19585926.03734896;3823076.608725694;24594330.18206584
827;0.06891390999999999;18954934.94291399;4247552.659792101;24778162.47721841
828;0.06899724;18290138.35064809;4709564.739885364;24956579.66289971
829;0.06908057000000001;17599002.35607166;5186341.111435798;25115457.70915245
830;0.0691639;16874610.38910167;5726002.829832054;25241429.9446809
831;0.06924723000000001;16117994.64388056;6347312.364509396;25347108.74319211
832;0.06933056;15336014.47241885;7012387.300534356;25441911.09128023
833;0.06941389000000001;14535019.13984969;7703121.009032905;25483534.98713505
834;0.06949722;13690615.2220876;8412053.221584989;25555608.69529509
835;0.06958055;12819781.13618174;9143792.169264153;25540243.94321262
836;0.06966388;11934976.22487951;9896872.444771856;25539152.43254619
837;0.06974721;11033009.23441374;10660693.14009837;25504333.91507666
838;0.06983054;10117450.43834461;11449114.8767621;25437851.58237606
839;0.06991387;9184072.410784604;12253580.15607055;25342279.85883383
840;0.0699972;8230647.596857668;13058545.03967805;25206667.26235436
841;0.07008053;7255509.00734114;13876931.05014092;25051206.77666716
842;0.07016386000000001;6272646.039547903;14687530.83009993;24876988.95306106
843;0.07024719;5317578.505918476;15470986.8857942;24671106.25914913
844;0.07033052000000001;4397051.128672667;16252257.42928762;24448878.81105082
845;0.07041385;3545171.683548318;17002742.96684299;24217167.77827402
846;0.07049718000000001;2734189.553091833;17760910.33494143;23965882.12296207
847;0.07058051;1972826.833390594;18513322.3324848;23728707.80454388
848;0.07066384000000001;1281560.813458452;19255983.07137806;23469256.44819135
849;0.07074717;691061.6800428914;19978086.46570969;23207106.57435386
850;0.0708305;172078.6938939008;20672186.91820709;22928909.85315439
851;0.07091383;317854.0004560786;21348688.0311206;22631843.32157665
852;0.07099716;782427.416871508;22018951.13370514;22318867.96509278
853;0.07108049;1231354.043882278;22601875.95389579;22005308.61395092
854;0.07116382;1670379.415819078;23144081.79707244;21670629.28412512
855;0.07124715;2104382.71258604;23658664.46230551;21269019.38559441
856;0.07133048;2535908.81739279;24129757.37780733;20857685.18205533
857;0.07141381000000001;2961093.622131841;24535940.94829059;20403028.66026149
858;0.07149714;3383286.014816533;24902093.04683748;19899923.40572299
859;0.07158047000000001;3804073.356045918;25224789.35075535;19381795.62342581
860;0.0716638;4223623.456483874;25491264.11910427;18820427.60804785
861;0.07174713000000001;4653013.397648015;25722098.28626041;18214556.33117058
862;0.07183046;5103854.306086145;25917874.14382884;17569367.33797896
863;0.07191379000000001;5586086.874160512;26046174.39438454;16874159.50176305
864;0.07199712;6109905.677988957;26144839.77840414;16138061.71377141
865;0.07208045;6675051.035904981;26201770.06133812;15359008.31489179
866;0.07216378;7333204.270609763;26221678.59341684;14535182.49286131
867;0.07224711;8041432.642418987;26198857.69690414;13675297.09689581
868;0.07233044;8783795.726050511;26147694.97745315;12791648.02789393
869;0.07241377;9579548.340357687;26056398.9526825;11886291.71886399
870;0.07249709999999999;10420416.39127395;25942038.38970546;10958490.56538818
871;0.07258043;11222941.63436996;25793779.09469502;10031688.16115941
872;0.07266376000000001;11997935.48383055;25627044.30865328;9109041.889430344
873;0.07274709;12766810.2635161;25414564.57094032;8170322.665529155
874;0.07283042000000001;13492458.65035973;25172360.44999982;7245655.354706254
875;0.07291375;14205223.72663251;24902401.49567132;6318034.057682762
876;0.07299708000000001;14923075.56773089;24604605.61507771;5404037.314599633
877;0.07308041;15630845.24843249;24273847.04864439;4511665.093699887
878;0.07316374;16328987.73760027;23939996.68780214;3665790.710245549
879;0.07324707;16984437.06283683;23591268.26966896;2872787.863147787
880;0.0733304;17643746.93792699;23241664.84664711;2139222.508720819
881;0.07341373;18252735.60900864;22885150.73497296;1468562.48511013
882;0.07349706;18812233.15302855;22527719.32742976;855505.9938783548
883;0.07358039;19360567.01555276;22161895.67307361;295897.4334269736
884;0.07366372;19902858.70641255;21804421.64028688;220407.5731573502
885;0.07374705000000001;20448817.63483342;21414707.94199651;701606.0395308299
886;0.07383038;20937574.54343918;21013079.01786352;1161632.160336912
887;0.07391371000000001;21410501.79273096;20591556.90633935;1607560.665094587
888;0.07399704;21864586.56742238;20148795.48759459;2044486.391586248
889;0.07408037000000001;22311976.30203922;19674202.93259261;2482690.200184228
890;0.0741637;22730643.75686281;19191921.42228115;2919933.787866532
891;0.07424703000000001;23101755.6486085;18695465.89541873;3356612.655680595
892;0.07433036;23470707.09377935;18189738.26405432;3792895.910538289
893;0.07441369;23847501.35114056;17683992.12128396;4229660.503428935
894;0.07449702;24186433.85718176;17155588.97943707;4675271.029334351
895;0.07458035;24502332.92710596;16611815.47693283;5134155.068963765
896;0.07466368;24837163.97081782;16053056.35760046;5626036.106552579
897;0.07474701;25125367.97539102;15475738.3603998;6160110.831643878
898;0.07483034;25402741.52070597;14879189.34158047;6739203.785732237
899;0.07491367;25666858.59642623;14263975.36804701;7366507.24878062
900;0.07499700000000001;25897819.87911641;13637058.0245846;8021766.29679655
901;0.07508033;26087039.02287976;12981047.50922387;8786647.569838716
902;0.07516366000000001;26259999.3958075;12301220.11270421;9727073.500866421
903;0.07524699;26391061.14719114;11595151.84211667;10660215.22045311
904;0.07533032000000001;26473435.12170367;10864738.11987176;11599645.28377306
905;0.07541365;26524335.24263979;10109126.30552108;12493497.74346347
906;0.07549698000000001;26550687.83472601;9318351.191209001;13391098.23878803
907;0.07558031;26519919.34797014;8503203.586882439;14273094.47822729
908;0.07566364;26441859.81377;7674500.451457457;15084544.3463434
909;0.07574697;26303049.53089357;6842473.620931732;15845693.78253474
910;0.0758303;26121890.77938152;5993369.493213943;16588243.16844399
911;0.07591363;25911943.47844705;5145689.339271684;17361286.3723722
912;0.07599696;25672522.26042337;4314414.939199904;18099564.17756915
913;0.07608029000000001;25399006.74628487;3510861.793857852;18771081.61838099
914;0.07616362;25098903.37079823;2742223.1638809;19414574.14373921
915;0.07624695000000001;24768913.34635623;2005770.931057335;20065031.83466979
916;0.07633028;24421296.58310027;1306655.819900107;20706296.01887178
917;0.07641361000000001;24051921.07905606;660319.708873648;21240676.40141858
918;0.07649694;23655494.3641823;136472.2300710811;21686623.31221152
919;0.07658027000000001;23239167.73032524;553561.472130817;22166607.47208396
920;0.0766636;22794885.80310776;1082182.507497323;22610739.95506492
921;0.07674693;22325015.75118427;1586260.734050727;23037176.43193301
922;0.07683026;21829998.69576594;2061052.189324597;23419067.37415449
923;0.07691359;21315704.01707831;2518387.029806776;23779243.04917237
924;0.07699692;20757664.82424353;2958396.675333098;24067094.57099551
925;0.07708025;20177410.29997347;3391325.012073879;24320099.36820831
926;0.07716358;19581726.03507441;3823036.382178482;24560772.51235646
927;0.07724691;18942884.42758773;4248145.846019557;24764186.01479128
928;0.07733024000000001;18280917.64611739;4707664.735176784;24954926.97438107
929;0.07741357;17590103.48001909;5181236.707280295;25114226.23482868
930;0.07749690000000001;16848178.3187504;5726110.26188679;25235979.09218824
931;0.07758023;16075669.44132412;6347082.497107253;25340910.78387403
932;0.07766356000000001;15313848.97084929;7008661.145876135;25441364.02831039
933;0.07774689;14504094.48081678;7702666.149926704;25476984.68875585
934;0.07783022000000001;13673831.909828;8405015.447705373;25540085.81746568
935;0.07791355;12823852.18566295;9134446.12285378;25558864.45987246
936;0.07799688;11942599.22881067;9891312.661858436;25548201.87998993
937;0.07808021;11054622.27494735;10644739.51690883;25458584.61104397
938;0.07816354;10133343.02341415;11434928.94834525;25398427.09212384
939;0.07824687;9195282.452206705;12242805.20411517;25279124.69864542
940;0.0783302;8216834.710771113;13054593.38008658;25189442.57750271
941;0.07841353;7234321.776183634;13877155.95647412;25048714.20666296
942;0.07849686;6248457.262860318;14686599.3471965;24833803.88080775
943;0.07858019000000001;5295541.89209607;15472187.65446322;24653776.06319666
944;0.07866352;4390921.853115592;16239849.1414839;24458112.16756922
945;0.07874685000000001;3544237.117703369;16980476.16188905;24230871.78550892
946;0.07883018;2738572.599281939;17736530.69695572;23981077.26804346
947;0.07891351000000001;1975638.181722678;18488883.0750658;23750323.30843847
948;0.07899684;1286592.956433375;19227039.49145517;23502617.90501846
949;0.07908017000000001;693845.1165248725;19972238.9117255;23246241.80579005
950;0.0791635;175074.0787397819;20666777.16196803;22974231.05919439
951;0.07924683;317224.9695957972;21358656.3074579;22683087.80319361
952;0.07933016;777609.9798140012;21979711.61656092;22374112.45639616
953;0.07941349;1230341.008613032;22606308.98205369;22045142.9683887
954;0.07949682;1672286.958657317;23170939.72987543;21685259.95275725
955;0.07958015;2104164.098434417;23648192.33526284;21281020.09012023
956;0.07966348000000001;2534945.011889443;24116832.48555635;20856242.40936894
957;0.07974681;2962775.511203955;24547397.38022151;20393752.22073562
958;0.07983014000000001;3384996.705824065;24901986.28322832;19881372.34106671
959;0.07991347;3806489.35186892;25215355.07867185;19335139.13043436
960;0.07999680000000001;4224552.939860119;25479838.76647387;18754819.14304647
961;0.08008013;4653885.867098673;25714891.15445334;18142086.37905723
962;0.08016346000000001;5105951.713529024;25891321.13178949;17480235.48467475
963;0.08024679;5587457.57912128;26019713.38278244;16781692.34634216
964;0.08033012;6111272.975046701;26113616.0838199;16042585.13713187
965;0.08041345;6680120.859435189;26180075.41593812;15268709.79708578
966;0.08049678;7336308.32815739;26199517.39494364;14450335.4958111
967;0.08058011;8040675.458668306;26180528.25651854;13608604.47496861
968;0.08066344;8787329.630667953;26130650.4481994;12726371.11224469
969;0.08074677;9582127.217709126;26037196.37176346;11814203.25688499
970;0.0808301;10419537.71843947;25926238.33853693;10883927.87741051
971;0.08091343000000001;11225997.24063484;25769040.30397589;9944846.580798119
972;0.08099676;12008308.82050197;25589315.44120666;9002176.949566778
973;0.08108009000000001;12777961.15443386;25379883.1910947;8060317.293028846
974;0.08116342;13527394.69792168;25133281.06644898;7121023.491681063
975;0.08124674999999999;14240322.99321479;24870825.82983501;6188198.02239999
976;0.08133008;14968811.66864093;24574822.64322485;5278513.232652283
977;0.08141341000000001;15677960.99726857;24254545.28628942;4403962.55666321
978;0.08149674;16375336.93855499;23921156.67753292;3576756.612467319
979;0.08158007;17060773.92683879;23579526.52741088;2808408.098885465
980;0.0816634;17699938.32923969;23240292.3335103;2100299.513609624
981;0.08174673;18301166.10554384;22877753.36687564;1446527.375834021
982;0.08183006;18875969.09695359;22522433.78377505;845749.8812409942
983;0.08191339;19424008.36023967;22155423.86153586;296494.8415970867
984;0.08199672;19987000.37852992;21804220.00228955;216163.4555652352
985;0.08208005;20535096.6881197;21418370.35170279;695754.9969089425
986;0.08216337999999999;21054745.25146234;21030071.68500156;1154693.576175374
987;0.08224671;21533313.39614576;20607892.50487668;1600194.157866797
988;0.08233003999999999;22005305.52351232;20172740.27492231;2038991.510916254
989;0.08241337;22440737.26725616;19702294.47120592;2478517.739125819
990;0.08249669999999999;22857560.23322812;19233039.39259939;2913255.525634841
991;0.08258003;23246616.97013429;18744254.12784769;3350140.213675649
992;0.08266336000000001;23632811.22072642;18235384.09505167;3789008.697846625
993;0.08274669;23992628.33265071;17715942.15870934;4226054.662716579
994;0.08283002;24331993.30401856;17194243.26453967;4672377.469381284
995;0.08291335;24669429.0004361;16656133.01937195;5134824.195701163
996;0.08299668;24987452.14182202;16103700.74204046;5626534.267562696
997;0.08308001;25272665.22445612;15523250.78119339;6157177.08561945
998;0.08316334;25542045.72078172;14921800.16555811;6741993.850878368
999;0.08324666999999999;25778375.86736212;14301627.36399857;7369936.615570452
1000;0.08333;25980132.61306448;13659092.29306766;8025476.492930052
1001;0.08341332999999999;26174612.40717496;12987932.70803432;8801464.26840074
1002;0.08349666;26309768.418864;12296033.05226113;9741318.714246199
1003;0.08357998999999999;26435549.2750053;11576891.14873306;10680846.08647747
1004;0.08366332;26524285.81306282;10844737.42288675;11611803.49749753
1005;0.08374664999999999;26572592.99869569;10075564.9413498;12515418.98494759
1006;0.08382998;26582526.85401898;9283044.755993303;13409838.17743209
1007;0.08391331;26551314.01972608;8462430.968952781;14268175.47939199
1008;0.08399664;26471357.81883042;7618203.243910269;15082915.39637667
1009;0.08407997;26331639.69006999;6767125.700444531;15872055.57093338
1010;0.0841633;26161007.35029856;5917709.727076758;16614612.47056433
1011;0.08424663;25946530.44563166;5078108.767810201;17339970.16314014
1012;0.08432996;25696561.8682484;4254154.757944579;18066498.95307303
1013;0.08441329;25422392.56983132;3452594.358823696;18777420.9555427
1014;0.08449661999999999;25111466.94148083;2690537.078580536;19401347.49665627
1015;0.08457995;24772099.57112591;1968676.172506023;19984576.57191444
1016;0.08466327999999999;24416288.30109392;1282623.52770793;20566057.01209988
1017;0.08474661;24055037.59302859;641576.4080971235;21139578.35008047
1018;0.08482993999999999;23661946.77010914;132049.8258737385;21695563.75222188
1019;0.08491327;23252022.61012536;571750.5817694183;22192201.63980944
1020;0.08499660000000001;22818739.27784259;1098279.107018187;22650626.17500552
1021;0.08507993;22360752.7256601;1597610.561751926;23061507.45458118
1022;0.08516326;21874850.15460903;2071043.183749131;23433233.37198862
1023;0.08524659;21356414.64837971;2527060.786935239;23780971.34019582
1024;0.08532992;20812000.94107673;2968765.425422067;24101909.1137102
1025;0.08541325;20241169.2787294;3401990.752681043;24365161.02751246
1026;0.08549658;19640216.10432987;3829253.914813206;24598888.81380898
1027;0.08557991;19013216.77677291;4256692.858963119;24806777.94679899
1028;0.08566324;18357265.75633376;4711510.106845695;24993059.13498117
1029;0.08574656999999999;17672392.69534209;5194390.264994745;25146738.24424965
1030;0.0858299;16956567.30937057;5736263.120849402;25309773.20161377
1031;0.08591322999999999;16207665.82452752;6358322.1533462;25423257.81758663
1032;0.08599656;15430003.29581387;7025791.715480265;25503133.12180575
1033;0.08607988999999999;14622293.55449704;7717088.876521442;25569916.57227426
1034;0.08616322;13788268.62356815;8423986.410582002;25624554.23479744
1035;0.08624655000000001;12929779.74387272;9161722.335732967;25634523.96994735
1036;0.08632988;12044122.53660196;9916868.229697432;25636994.89633609
1037;0.08641321;11148921.75691965;10678479.70255946;25598222.67972302
1038;0.08649654;10232693.10930312;11470828.52495167;25532563.08397081
1039;0.08657987;9299387.591743497;12275625.80207173;25433886.65541308
1040;0.0866632;8354101.654510406;13079869.70399501;25305946.28692048
1041;0.08674653;7397766.052940045;13897970.56589004;25150889.64232564
1042;0.08682985999999999;6446459.184675209;14706111.88310251;24970342.29758174
1043;0.08691319;5512476.688509465;15490257.15428131;24758549.93058688
1044;0.08699651999999999;4602457.83558556;16255905.65919024;24536518.01669907
1045;0.08707985;3724404.656579368;17007862.46624925;24294725.46510132
1046;0.08716317999999999;2886467.787643389;17757447.02864503;24042883.1129122
1047;0.08724651;2093646.035042941;18504992.40637864;23785763.57968265
1048;0.08732984000000001;1374656.651987371;19240636.98581841;23530653.38142826
1049;0.08741317;753673.4156312033;19971150.87362906;23257089.50723631
1050;0.0874965;204708.6326301075;20670729.80982105;22966845.89425017
1051;0.08757983;306422.1271515675;21334207.34384452;22664658.87307682
1052;0.08766316;782511.6381160971;21958232.25966545;22323281.7450169
1053;0.08774649;1241101.466727772;22560588.32379545;22003103.61072695
1054;0.08782982;1688042.102531805;23107390.42842248;21641678.05680763
1055;0.08791315;2125969.159477786;23610977.12320994;21233540.00301539
1056;0.08799648;2559047.821581171;24092097.00346724;20831955.88935064
1057;0.08807980999999999;2986636.605330599;24487711.82815577;20379687.02234372
1058;0.08816314;3413241.30725943;24856185.38972032;19880983.94651553
1059;0.08824646999999999;3834050.415287241;25171154.48056279;19357661.10293571
1060;0.0883298;4255708.553862548;25452659.88257764;18799779.51113884
1061;0.08841312999999999;4685742.523457758;25685312.38641949;18175261.77295373
1062;0.08849646;5136066.549568122;25881609.71593583;17521596.71291313
1063;0.08857979000000001;5615023.363767297;26014354.70594507;16820854.70750595
1064;0.08866312;6141416.493662325;26125679.31013773;16095233.21466903
1065;0.08874645;6704436.224557048;26184242.54907046;15306718.29899733
1066;0.08882978;7358988.888133652;26218329.30030399;14491070.11814073
1067;0.08891311;8068404.771050967;26203906.92821345;13635351.47145242
1068;0.08899644;8812281.331508469;26151441.13834995;12749341.25866576
1069;0.08907977;9605149.328089442;26066052.33000086;11827632.7621
1070;0.0891631;10450729.83425044;25954331.83670014;10892816.38087919
1071;0.08924643;11268501.20783735;25802927.91764113;9955548.67481795
1072;0.08932975999999999;12050294.97873303;25628359.66816565;9019616.231540866
1073;0.08941309;12842599.09822762;25421782.8031732;8082235.55339725
1074;0.08949641999999999;13581366.82753178;25189584.4139133;7160118.212333424
1075;0.08957975;14296797.05150569;24919334.03212118;6227885.409883654
1076;0.08966307999999999;15026794.42891609;24619343.94821923;5308493.782509026
1077;0.08974641;15742291.5053329;24302721.63089642;4441420.414310871
1078;0.08982974000000001;16417345.67221191;23974961.79839205;3619936.950486876
1079;0.08991307;17062908.00400131;23628064.87511671;2848035.018769887
1080;0.0899964;17727414.42489689;23283560.21482449;2122464.625967142
1081;0.09007973;18339756.86370375;22929778.35061666;1457450.194635683
1082;0.09016306;18941407.77119481;22572558.30697889;848492.0204715134
1083;0.09024639;19485467.79336762;22206664.34328762;293822.2584512595
1084;0.09032972;20027007.01178417;21848853.54174333;220059.1228221202
1085;0.09041304999999999;20563411.36949366;21465516.65149057;699074.4941072605
1086;0.09049638;21083141.3569371;21072057.92990328;1158013.618541909
1087;0.09057970999999999;21576858.24260421;20652461.37351745;1603695.196574028
1088;0.09066304;22045062.82531272;20208125.40934286;2041487.146780882
1089;0.09074636999999999;22481422.05903092;19736900.10780594;2480442.624651744
1090;0.0908297;22890218.33530557;19260476.72802265;2915290.115576249
1091;0.09091303000000001;23269176.05385713;18768007.388257;3351902.709710661
1092;0.09099636;23624898.57187732;18256649.47938438;3788878.196034021
1093;0.09107969;23983671.64220756;17736769.41148775;4225300.775148869
1094;0.09116302;24335344.8937485;17214414.4817146;4672222.335980127
1095;0.09124635;24689226.52000379;16675698.0134973;5131858.553853236
1096;0.09132968;25005667.25996295;16116844.76795946;5622369.451785632
1097;0.09141301;25308391.71629743;15532035.05000196;6157256.413358801
1098;0.09149634;25581548.85749448;14920021.89050206;6740090.870244478
1099;0.09157967;25836099.64523816;14307149.47714466;7370367.811206256
1100;0.09166299999999999;26045506.17468474;13661910.4792801;8025081.075274711
1101;0.09174633;26233611.05445316;12999125.21577639;8795460.490741923
1102;0.09182965999999999;26373021.8391181;12305028.50705291;9732574.263950612
1103;0.09191299;26497692.6780974;11586006.1697472;10674762.99205032
1104;0.09199631999999999;26570493.85550051;10850352.69752313;11619871.46896185
1105;0.09207965;26628372.34994518;10075249.69277731;12535919.31577557
1106;0.09216298000000001;26608144.07237962;9295466.052216752;13406451.28336631
1107;0.09224631;26559896.90186595;8489949.033514498;14245482.00560441
1108;0.09232964;26453638.24588929;7649790.256688091;15057326.06716189
1109;0.09241297;26325409.83430209;6795746.071918692;15871549.72468159
1110;0.0924963;26129847.80420164;5939641.430843447;16634380.38169451
1111;0.09257963;25915548.79680737;5096318.145659965;17373840.17978457
1112;0.09266296;25668841.83934509;4269217.879074589;18065230.32440952
1113;0.09274629;25404012.79999715;3471098.507368318;18740778.77105962
1114;0.09282962;25114607.989952;2697400.681272939;19428182.24340275
1115;0.09291294999999999;24796329.28752562;1965509.845929974;20090508.55286218
1116;0.09299628;24465138.28630144;1279534.669132302;20641389.61270314
1117;0.09307960999999999;24108665.36484345;639458.5670371164;21182659.88014572
1118;0.09316294;23719708.22366261;130857.0347254853;21732822.62500245
1119;0.09324627000000001;23316401.50377737;572589.3985851757;22203669.04922251
1120;0.0933296;22891483.88857216;1098771.748213065;22666624.19630744
1121;0.09341293000000001;22433909.16699515;1598492.185973392;23090906.07827551
1122;0.09349626;21941746.85838117;2071288.453331894;23461185.94228941
1123;0.09357959;21414429.01759778;2527339.950903155;23793945.3089466
1124;0.09366292;20859754.92977728;2968595.595893793;24115129.41097445
1125;0.09374625;20275095.69759956;3403618.790636059;24378589.68273021
1126;0.09382958;19664544.58064304;3829091.160483893;24611054.34540034
1127;0.09391291;19029583.67808554;4258621.845737983;24810210.27387695
1128;0.09399623999999999;18371120.77723471;4710450.843579374;24989019.79194407
1129;0.09407957;17687229.66682827;5193048.472593027;25137788.86205141
1130;0.09416289999999999;16980259.00948099;5729993.108448417;25296720.92824401
1131;0.09424623;16238826.55276643;6352656.095267249;25406645.34720062
1132;0.09432955999999999;15463439.62691748;7017309.30266818;25493923.10756451
1133;0.09441289;14655536.78747758;7709966.570758048;25560630.85151678
1134;0.09449622000000001;13819772.05215489;8415323.707515223;25626784.69057826
1135;0.09457955;12969105.42113214;9150998.205680784;25647900.24586936
1136;0.09466288;12085965.45405524;9901708.784164414;25645737.53625209
1137;0.09474621;11178404.10789782;10666356.74348949;25603912.59656235
1138;0.09482954;10243619.76011653;11453713.09960148;25522879.96516157
1139;0.09491287;9294180.648146499;12261368.61217451;25432236.65422495
1140;0.0949962;8340918.721694274;13066627.52325984;25311828.07212976
1141;0.09507953;7369083.363289759;13891187.43563786;25159067.50067332
1142;0.09516286;6409058.827112048;14702920.38928555;24981695.32325161
1143;0.09524618999999999;5474576.784913987;15480005.37313504;24764995.54009654
1144;0.09532952;4574292.209235596;16228886.9805881;24536442.31857589
1145;0.09541284999999999;3703464.174335699;16970345.54522828;24290234.96884356
1146;0.09549618;2871946.059168409;17716811.65206999;24036210.35479569
1147;0.09557950999999999;2086601.313631007;18461363.92391714;23775687.04440696
1148;0.09566284;1371271.073474473;19204777.66974971;23514888.62731948
1149;0.09574617000000001;754924.354459579;19921250.18046784;23233780.27712004
1150;0.0958295;207695.6520719763;20616358.64642328;22951167.91938356
1151;0.09591283;304851.5892970958;21289810.39041763;22642098.6138087
1152;0.09599616;780180.1173268355;21915317.95325495;22319205.68265366
1153;0.09607949;1238757.904508573;22508592.2412767;21977443.52473016
1154;0.09616282;1686552.286789904;23072442.89569079;21622673.15223357
1155;0.09624615;2125759.775146077;23590334.88575694;21229717.18222808
1156;0.09632948;2557194.445767728;24028140.31808446;20800633.17625688
1157;0.09641281;2986008.59967548;24465495.05602947;20335849.904853
1158;0.09649613999999999;3411886.399415837;24821780.33630851;19842245.13369266
1159;0.09657947;3832302.003444843;25131898.35612744;19325206.15833464
1160;0.09666279999999999;4255878.058299861;25416049.26780032;18765910.19304354
1161;0.09674613;4684626.648109498;25655719.76169169;18141933.31565579
1162;0.09682946000000001;5131198.689722012;25839687.25388854;17481490.81490237
1163;0.09691279;5609636.203697142;25979507.41851315;16793730.98123872
1164;0.09699612000000001;6136904.245885151;26090954.65772342;16076408.6053809
1165;0.09707945;6697426.28335757;26149709.41778229;15292908.36138276
1166;0.09716278;7347304.904469819;26177177.43403351;14465093.13879912
1167;0.09724611;8051616.832302837;26166631.50804179;13618164.20100831
1168;0.09732944;8794939.793024335;26123452.67145807;12736992.30170839
1169;0.09741277;9590090.47860059;26048391.8413001;11832021.30812424
1170;0.0974961;10435638.89154793;25938491.9872062;10917830.5154782
1171;0.09757942999999999;11254249.68113766;25798110.61668864;10010023.78690039
1172;0.09766276;12039488.26194033;25635774.60439513;9084819.654606719
1173;0.09774608999999999;12815841.27243629;25434321.87704408;8164749.629011707
1174;0.09782942;13554474.79181836;25196507.7692064;7214503.104526735
1175;0.09791274999999999;14274558.32244205;24928986.18869517;6279058.046515146
1176;0.09799608;15012743.58884905;24638678.48791755;5374234.374021436
1177;0.09807941000000001;15728402.04980646;24322027.79462966;4490278.121035153
1178;0.09816274;16407947.01921937;23984679.30442604;3650022.414794774
1179;0.09824607;17053300.46287567;23638779.92480992;2866740.975290813
1180;0.0983294;17725956.70153901;23296605.62716655;2137075.617827974
1181;0.09841273;18341881.91249353;22945362.84649453;1466665.570098957
1182;0.09849606;18926535.46447654;22593169.63939197;856308.8788314763
1183;0.09857939;19472085.46068462;22226251.06127048;300339.5795368653
1184;0.09866272;20026395.78351945;21874721.75800712;214885.9478590313
1185;0.09874605;20563437.94386285;21488337.633038;694270.8892815107
1186;0.09882937999999999;21086227.64961678;21090820.59972721;1154145.871129135
1187;0.09891271;21580448.68236246;20673712.81994042;1599970.364613178
1188;0.09899603999999999;22046321.97992086;20233505.19703666;2038241.326642503
1189;0.09907937;22470963.44180959;19764911.42038726;2476309.862746258
1190;0.09916269999999999;22876934.47031429;19288825.93421967;2910598.003395449
1191;0.09924603;23269145.04007386;18795336.38210137;3347435.630023607
1192;0.09932936000000001;23653812.75463444;18289567.31592329;3786382.231681311
1193;0.09941269;24034016.61623758;17774495.29220901;4223284.201199096
1194;0.09949602;24390322.75855007;17251353.53646184;4669272.347845488
1195;0.09957935;24740044.40424973;16713613.65998528;5131785.028920401
1196;0.09966268;25056589.05060464;16144578.11057338;5622497.174781813
1197;0.09974601;25357570.99982677;15567483.82492652;6154294.92535784
1198;0.09982934;25618005.31932265;14961077.1877688;6740548.083193422
1199;0.09991267;25850296.94955639;14335121.55187707;7369240.157799718
1200;0.099996;26065884.43123069;13686729.43841678;8027760.674457805
