Time-Step;flow-time;jmag(plano-eletrodos-a);jmag(plano-eletrodos-b);jmag(plano-eletrodos-c)
1.0;8.3e-05;28129024.95513115;13337508.36364431;14576572.8312077
2.0;0.000166;28082737.58084041;12553265.65292723;15314368.11980409
3.0;0.000249;28008957.17907061;11756733.34173513;16037170.60841872
4.0;0.000332;27907756.00487707;10948691.20807152;16744272.71412859
5.0;0.000415;27779233.10195522;10129930.32816387;17434982.14545099
6.0;0.000498;23107119.80204957;12736110.01454071;9859941.269407284
7.0;0.000581;22238104.81868561;11056257.46874342;10342132.45720365
8.0;0.000664;21988778.63089554;9998464.634230081;11011741.22509626
9.0;0.000747;21756784.33602389;8554982.184279043;12213155.79730495
10.0;0.00083;21501036.12382772;7104722.384074029;13415855.1733604
11.0;0.000913;21283774.78821488;5865744.529420963;14454728.3396544
12.0;0.000996;20944142.31820741;4709889.927600796;15196963.77671092
13.0;0.001079;20535754.08396786;3687214.045601879;15758029.2127468
14.0;0.001162;20125800.98811089;2740623.601904398;16245143.42531236
15.0;0.001245;19564516.70452569;1825954.699659804;16463977.65304001
16.0;0.001328;19124798.10673831;1081061.111796739;16774634.23565702
17.0;0.001411;18354865.33570292;83143.66404150594;16956046.87894903
18.0;0.001494;17971117.65156981;618560.8514313191;17311933.85259217
19.0;0.001577;17042092.56069123;1670015.110073859;17098811.89034192
20.0;0.00166;16635338.2424349;2255474.433265257;17650368.8327935
21.0;0.001743;15719052.89583467;3464971.072011422;17626221.41940988
22.0;0.001826;15187441.33850567;3886912.168867939;17872002.11865153
23.0;0.001909;14276563.37890196;5132157.33176294;17840068.30744431
24.0;0.001992;13695686.67602504;5539687.007595615;18148627.04547572
25.0;0.002075;12849035.57958782;6724815.81378956;18117817.60122102
26.0;0.002158;12233468.8182037;7070052.262937787;18241375.77849696
27.0;0.002241;11510443.42310583;8020649.773453791;18277535.26201309
28.0;0.002324;10864825.01970346;8523304.879255064;18412709.44612935
29.0;0.002407;10242821.1141139;9123891.963869628;18318159.63808829
30.0;0.00249;9648729.533290623;9668805.124157038;18568432.27249674
31.0;0.002573;9076769.649519127;10258227.39030488;18534360.21175032
32.0;0.002656;8528432.370723397;10714809.42169745;18830806.63501051
33.0;0.002739;7971373.261794042;11319995.67325961;18618287.11111809
34.0;0.002822;7455608.957378618;11679180.62235741;19157689.16206945
35.0;0.002905;6901597.124107915;12497275.55305295;18980082.83382362
36.0;0.002988;6393576.903482693;12836033.82888515;19588369.58339617
37.0;0.003071;5842518.077783791;13603465.81720557;19214597.37866614
38.0;0.003154;5335975.675013377;14068729.4490655;20021504.85041648
39.0;0.003237;4791636.825374837;14831803.07876884;19748361.27063219
40.0;0.00332;4288526.306780346;15260128.62852556;20288725.96783137
41.0;0.003403;3761047.606336739;15914582.30760298;19935397.5398672
42.0;0.003486;3279512.872540055;16383491.63580884;20410636.38409869
43.0;0.003569;2791694.024469514;16993797.34847673;20070901.39356767
44.0;0.003652;2341928.130319607;17553164.09575142;20380586.85576154
45.0;0.003735;1899601.110240882;18004896.58703387;19904107.62132625
46.0;0.003818;1497467.21194064;18617440.35078138;20187394.64837959
47.0;0.003901;1112971.918394871;19035639.8296416;19717896.42063683
48.0;0.003984;759638.5095191456;19613538.60946853;19919273.312009
49.0;0.004066999999999999;416051.513272487;19884171.75710353;19293884.15501726
50.0;0.00415;93145.8978094968;20398632.24148589;19473344.1771656
51.0;0.004233;228055.9578640534;20578226.12320611;18838848.90141113
52.0;0.004316;537266.8584889851;20981792.91155571;18914270.72155686
53.0;0.004399;848642.3104426899;21008006.58593757;18088151.11580782
54.0;0.004482;1151447.741802118;21364124.78367031;18196564.9674645
55.0;0.004565;1457737.553012865;21387347.92528575;17482628.01968309
56.0;0.004647999999999999;1755618.647884441;21611219.82670744;17369960.49229496
57.0;0.004731;2055433.392419605;21512911.24677628;16507493.3882285
58.0;0.004814;2348039.868810889;21679897.9484899;16381860.88359871
59.0;0.004897;2640117.556199359;21627112.651097;15714446.41085996
60.0;0.00498;2927820.867628747;21666837.7390506;15352019.61339781
61.0;0.005063;3215056.139947353;21518086.00872885;14564468.44229785
62.0;0.005146;3498518.980468138;21492224.83533916;14157851.85882895
63.0;0.005229;3782971.62992746;21353591.86467871;13497924.03159747
64.0;0.005312;4069616.329077872;21253313.87948079;12996722.19942263
65.0;0.005395;4365787.216838188;21028513.21132842;12227574.84409927
66.0;0.005478;4669823.941797147;20870205.31049015;11687557.48999568
67.0;0.005561;4989727.500951657;20635602.68194132;10980582.41698866
68.0;0.005644;5348873.748960181;20426968.68137619;10372387.34256419
69.0;0.005727;5734217.121564014;20164417.91664107;9655399.206721835
70.0;0.00581;6166626.132652218;19910921.75547753;9005833.277385566
71.0;0.005893;6663623.352095717;19627212.3567088;8294773.9262442
72.0;0.005976;7180234.288498543;19346987.55029428;7618127.49583982
73.0;0.006059;7735191.462022068;19054392.01548878;6923983.489865891
74.0;0.006142;8224807.13652501;18738420.13399963;6251641.471164824
75.0;0.006225;8697034.769121045;18418547.31007726;5583287.311659344
76.0;0.006308;9103618.102713125;18075488.97950298;4921129.689884824
77.0;0.006391;9515291.428293291;17725336.80973186;4260433.948952931
78.0;0.006474;9939061.704182887;17376830.18509506;3600498.010532442
79.0;0.006556999999999999;10382548.24735118;17020870.7049385;2960710.010015808
80.0;0.00664;10861389.67626932;16672144.65611751;2363756.987370308
81.0;0.006723;11411475.83969917;16320778.46841077;1799386.041057598
82.0;0.006806;11856600.03882341;15924511.72839247;1255585.086160294
83.0;0.006889;12376567.8611443;15519395.78594312;747500.8032323614
84.0;0.006972;12826266.06948255;15105818.9384642;272863.6169145456
85.0;0.007055;13287989.56778186;14684233.99364733;150081.628443811
86.0;0.007138;13743293.26878016;14288212.40969869;522748.3273692797
87.0;0.007221;14211523.45741514;13950613.030757;869546.8136563259
88.0;0.007304;14735530.37635366;13765695.056049;1199726.384172122
89.0;0.007386999999999999;15464310.02878463;13917852.47705952;1524040.100902712
90.0;0.00747;16495266.11442448;14573074.303884;1841498.231176996
91.0;0.007553;17654656.75420133;15404467.59625996;2146443.364472491
92.0;0.007636;18626772.25893138;15832885.69685837;2448244.811922826
93.0;0.007719;19476440.0146066;16257638.87471774;2732429.120080709
94.0;0.007802;20159029.37616171;16475349.70549001;3009929.182446207
95.0;0.007885;20704510.49166531;16445363.35937252;3286262.208899767
96.0;0.007968;20679598.40557319;16137202.80149801;3553994.023999973
97.0;0.008050999999999999;21159163.01341188;15911279.02451918;3822050.357484189
98.0;0.008133999999999999;20821179.45423157;15429170.4836614;4080883.010335832
99.0;0.008216999999999999;21292364.79714263;15214120.67512713;4349304.2970163
100.0;0.0083;20677104.04053909;14592961.07974183;4608973.308256299
101.0;0.008383;21159269.93360693;14321010.5382115;4887475.339731796
102.0;0.008466;20458972.06443558;13598242.57838305;5163793.81295245
103.0;0.008549000000000001;20855012.73567433;13227945.7765545;5457550.494246262
104.0;0.008632;19994238.81341593;12386569.11387479;5745645.020821576
105.0;0.008715;20379602.34708284;11962504.92445579;6063343.216144213
106.0;0.008798;19540590.8146529;11091044.11259768;6381064.907572512
107.0;0.008881;19814185.82480967;10595203.69980729;6723893.577060966
108.0;0.008964;18856492.53078347;9662407.274134947;7060592.383331059
109.0;0.009047;19144639.61858316;9150771.44092678;7429414.214684954
110.0;0.00913;18299265.86881596;8250520.267982507;7772751.337153379
111.0;0.009212999999999999;18409077.04148553;7670387.327532302;8164196.231863265
112.0;0.009295999999999999;17499043.58843664;6729069.067269324;8590959.850681169
113.0;0.009378999999999998;17566395.89105518;6116248.035104694;9036204.59600119
114.0;0.009461999999999998;16716222.35993788;5194495.044892144;9484407.83378403
115.0;0.009545000000000001;16680422.7883931;4541597.533225864;9934448.494108947
116.0;0.009628000000000001;15786418.59854731;3597659.783884052;10331026.39623163
117.0;0.009711000000000001;15691215.13873905;2927385.999262139;10707103.64207871
118.0;0.009794;14850374.29081756;2016704.720567987;11077350.05280411
119.0;0.009877;14665431.0953534;1332600.709226937;11428739.92566674
120.0;0.00996;13856175.35735765;454845.0502289518;11761161.20759282
121.0;0.010043;13534593.27778577;290074.136019918;12081615.2412848
122.0;0.010126;12853250.75699564;1107875.346760229;12409817.68971479
123.0;0.010209;12363163.16324607;1866600.107354903;12736975.02572155
124.0;0.010292;11800822.35562237;2632846.88957619;13041508.74742371
125.0;0.010375;11223334.47540431;3394549.735251989;13341498.34212372
126.0;0.010458;10668368.24667405;4142193.938789099;13650762.04359717
127.0;0.010541;10101271.53158922;4888445.641405045;13970676.76945791
128.0;0.010624;9559780.866841255;5614960.508065097;14283922.2301928
129.0;0.010707;8998499.522506591;6348811.252592275;14611167.22520418
130.0;0.01079;8446081.075138155;7121699.639550479;15023808.47606871
131.0;0.010873;7922887.277332641;7983477.710637339;15606378.93605014
132.0;0.010956;7406797.715921815;8920240.50218043;16332601.06491367
133.0;0.011039;6927921.975845984;9876593.14122188;17101717.04086856
134.0;0.011122;6391933.688217728;10843449.30930933;17838692.91152702
135.0;0.011205;5924410.879149822;11774915.15958198;18501150.46728049
136.0;0.011288;5440908.178580469;12664226.30599605;19008677.861844
137.0;0.011371;4995174.141263717;13447827.84485904;19271255.80139466
138.0;0.011454;4555879.688704917;14277917.04539495;19645051.15555014
139.0;0.011537;4125224.736270754;14977553.63845528;19839335.63449218
140.0;0.01162;3719070.492509349;15653168.69929531;20074526.09213648
141.0;0.011703;3316652.880103598;16065266.52130454;19926543.86344279
142.0;0.011786;2934103.596392872;16572310.40239717;20065756.92818698
143.0;0.011869;2552661.796180101;16979355.90416283;19873124.68602213
144.0;0.011952;2190151.724331396;17476417.84906871;20022548.17286532
145.0;0.012035;1836063.591226273;17842209.14915436;19633298.52361785
146.0;0.012118;1494019.581917267;18444270.50338526;19868803.99916011
147.0;0.012201;1156164.065866033;18832648.93485799;19480730.51389205
148.0;0.012284;833850.755405055;19405723.61458103;19629139.92889816
149.0;0.012367;513754.514889964;19775992.13831937;19127115.46798799
150.0;0.01245;207884.185738212;20326935.52557465;19254002.0651733
151.0;0.012533;99498.51535113489;20639186.31849402;18733708.51148157
152.0;0.012616;397327.8721799968;21057193.0561781;18733553.72118838
153.0;0.012699;696995.8935849243;21227620.31316845;18119000.95498355
154.0;0.012782;989346.270688961;21545095.42142867;18072287.63415589
155.0;0.012865;1284607.146361021;21652981.40229416;17476072.31623118
156.0;0.012948;1574035.018568598;21842318.98634975;17248878.97446828
157.0;0.013031;1865627.516449837;21841893.71467787;16536729.54025396
158.0;0.013114;2151331.203384309;21962105.84715575;16280800.57704828
159.0;0.013197;2438365.983051463;21943953.95720285;15653079.00411925
160.0;0.01328;2718143.716244588;21985020.33378935;15291350.01570743
161.0;0.013363;3000104.461795547;21878730.8040146;14558416.13832469
162.0;0.013446;3276887.659683817;21864171.92827688;14167962.49023118
163.0;0.013529;3558639.3899759;21734138.91949367;13483700.78346462
164.0;0.013612;3833181.529366819;21648276.1828644;13000865.57368575
165.0;0.013695;4110401.838991648;21463226.54309711;12280590.81029135
166.0;0.013778;4386262.43298785;21309570.34072921;11734167.10116148
167.0;0.013861;4658467.479812709;21084560.0390542;11033338.78278391
168.0;0.013944;4945837.25717812;20867467.79053458;10417844.86490708
169.0;0.014027;5235776.768266036;20610958.41468544;9744122.144321233
170.0;0.01411;5534674.389518846;20341990.9968521;9086097.025015702
171.0;0.014193;5842543.337350842;20043877.91988788;8414174.87415136
172.0;0.014276;6153072.304247072;19708690.35347642;7726275.455372298
173.0;0.014359;6486117.809256516;19385591.44469908;7068645.156246143
174.0;0.014442;6824334.450387374;19067664.17445983;6402235.563894115
175.0;0.014525;7189661.593492214;18706884.3471249;5746555.597924522
176.0;0.014608;7599790.150513851;18395499.51542733;5093507.08093624
177.0;0.014691;8028730.051957413;18026600.2467592;4433228.832745344
178.0;0.014774;8467404.778515577;17734141.34344709;3812458.795486751
179.0;0.014857;8906860.007813666;17350080.57687216;3201898.005306873
180.0;0.01494;9361686.464618495;17029228.21956624;2617418.691120588
181.0;0.015023;9759755.091129621;16557312.14707505;2024775.588879451
182.0;0.015106;10148085.96572754;16167737.80975187;1472873.656819224
183.0;0.015189;10499885.11333012;15534402.12209581;922998.3670622505
184.0;0.015272;10834830.09286126;14960611.52154684;428571.4819794589
185.0;0.015355;11136633.01147633;14252755.73126063;29566.04529077732
186.0;0.015438;11429049.58325066;13638852.67916053;411823.5542989227
187.0;0.015521;11680180.51221824;12940589.41730457;781465.7044403701
188.0;0.015604;11939183.91174298;12315471.41603981;1127576.101131922
189.0;0.015687;12213154.11220543;11715509.7001311;1464591.96762335
190.0;0.01577;12480415.22959321;11198352.4681223;1790509.489725769
191.0;0.015853;12745460.86458464;10650626.25461172;2113694.521075508
192.0;0.015936;13023762.70938697;10178672.41342122;2426350.871722656
193.0;0.016019;13255216.36453919;9639896.47416611;2738886.322394016
194.0;0.016102;13511774.14316144;9232723.865333926;3038858.670475842
195.0;0.016185;13765295.43430241;8890433.68933254;3328277.680115528
196.0;0.016268;14178453.80357681;8723824.398028105;3601076.958539862
197.0;0.016351;14567091.49905553;8584116.931949658;3871450.883634319
198.0;0.016434;14752405.45191239;8399985.099107962;4149845.443311534
199.0;0.016517;15438174.66921654;8626617.100378823;4425817.187128413
200.0;0.0166;16148917.27730278;9023857.287235247;4691692.843722777
201.0;0.016683;17158370.12122412;9611350.421368135;4967672.392027094
202.0;0.016766;17852052.68981689;9968222.644429188;5240223.597457695
203.0;0.016849;18517131.72895467;10461613.54984483;5515887.563396377
204.0;0.016932;18865121.88971174;10211579.15179402;5821862.427664137
205.0;0.017015;18976991.65086351;10130135.01181644;6124410.376796116
206.0;0.017098;19022481.43357599;9498517.358758291;6463884.687669432
207.0;0.017181;18679742.61527406;9039458.121639604;6792496.924246581
208.0;0.017264;18643615.72812686;8309857.315918218;7157579.704852177
209.0;0.017347;18122400.78212398;7688117.045016899;7517811.568352875
210.0;0.01743;18081790.42164244;7000644.693068394;7910397.607919511
211.0;0.017513;17416989.31745451;6245359.879276665;8283817.691145163
212.0;0.017596;17356600.15763577;5619346.137016935;8685732.021211488
213.0;0.017679;16679498.92076619;4828060.736668562;9105010.041650178
214.0;0.017762;16535970.50960975;4246745.898933766;9563159.742325727
215.0;0.017845;15948298.04155339;3515097.123752964;9999764.7221824
216.0;0.017928;15575783.49279756;2972702.854546569;10396179.49534453
217.0;0.018011;15172650.83178469;2334367.758130807;10773454.22949443
218.0;0.018094;14684611.91072159;1773614.682320317;11118699.76749596
219.0;0.018177;14312469.62460636;1259636.83203321;11431313.66529383
220.0;0.01826;13794081.97170934;737424.8222095461;11744252.86757576
221.0;0.018343;13377647.27424014;277417.1908702026;12028268.81730575
222.0;0.018426;12921417.46394127;253671.5899681756;12292880.42174174
223.0;0.018509;12494917.36393564;701837.5674055564;12546143.24735713
224.0;0.018592;11995189.71617011;1220655.944901471;12767170.0558325
225.0;0.018675;11482428.28568669;1811374.236657641;12999627.89836884
226.0;0.018758;10960176.69940525;2456980.468385431;13209764.38560887
227.0;0.018841;10409354.48330693;3138502.518447445;13423495.7264045
228.0;0.018924;9875498.961851096;3818916.954831788;13610379.34962959
229.0;0.019007;9330426.268399583;4501263.94607531;13814165.04130646
230.0;0.01909;8795093.692567594;5166908.277103011;13975320.82245919
231.0;0.019173;8232237.316602464;5831025.734598187;14145320.9019352
232.0;0.019256;7726320.101176475;6466363.869452691;14301745.65237588
233.0;0.019339;7198169.536206558;7100949.96705985;14455162.3898325
234.0;0.019422;6690095.042522272;7713714.078922644;14599943.37781535
235.0;0.019505;6186628.015581184;8320894.262298414;14745749.45066731
236.0;0.019588;5696748.68118155;8928025.001420362;14890770.86298861
237.0;0.019671;5220425.560588621;9532635.747384205;15041650.80739554
238.0;0.019754;4753801.590525075;10168704.82890642;15230210.05718597
239.0;0.019837;4301914.219244507;10973278.04042987;15551543.42347097
240.0;0.01992;3844335.204084944;11931827.96601766;16013573.53484575
241.0;0.020003;3425986.618016555;12988085.98841812;16555855.78906825
242.0;0.020086;3022975.539363142;14158078.86305879;17165769.04478945
243.0;0.020169;2637182.567747067;15369906.63454399;17814197.31279816
244.0;0.020252;2271743.276130645;16436419.04178173;18387918.58024649
245.0;0.020335;1914276.48994651;17354524.58702879;18828571.72777897
246.0;0.020418;1567147.644945998;18180770.24140748;19158283.80164377
247.0;0.020501;1234852.878723367;18879995.62469695;19306117.68375343
248.0;0.020584;915624.8844866053;19478473.82670654;19406441.67700887
249.0;0.020667;599768.9662440139;19882403.61193779;19177428.62272114
250.0;0.02075;293385.8232600486;20362590.15909594;19275178.43945739
251.0;0.020833;14412.74849043902;20662945.14714603;18958584.52763144
252.0;0.020916;310263.4503015054;21032710.76116833;18921578.25023562
253.0;0.020999;609549.7958040684;21160119.58220683;18334280.05101951
254.0;0.021082;903262.1178310084;21476609.39722421;18305725.71752093
255.0;0.021165;1197611.266789788;21591226.09275627;17782581.98286806
256.0;0.021248;1487921.37038371;21793898.97731965;17578692.65509548
257.0;0.021331;1780380.866284824;21810937.72177462;16935373.20505882
258.0;0.021414;2066139.033791848;21948401.07775299;16696438.72521466
259.0;0.021497;2353693.432410667;21936753.0034184;16105138.75055937
260.0;0.02158;2636068.977757517;21995510.51038919;15772633.2186245
261.0;0.021663;2919746.364373283;21886734.26295244;15065393.37149581
262.0;0.021746;3198164.361782857;21873761.96890027;14687798.80320845
263.0;0.021829;3476662.70070452;21719331.73180399;14000685.53027094
264.0;0.021912;3749780.092198;21638762.32406503;13580015.95132034
265.0;0.021995;4027878.794072952;21430281.64279868;12873326.55688009
266.0;0.022078;4300816.35305928;21272464.02403018;12367460.80304906
267.0;0.022161;4578917.634004877;21014376.41772157;11662308.26299701
268.0;0.022244;4862463.561101023;20782691.93519484;11078327.93995059
269.0;0.022327;5162926.512583088;20502952.37360319;10399949.84765975
270.0;0.02241;5454742.466435689;20214419.80409171;9755482.416135991
271.0;0.022493;5760636.873563956;19902843.2356978;9089561.60112404
272.0;0.022576;6087642.935586235;19578241.87456752;8428248.1028752
273.0;0.022659;6412819.026920469;19242172.37908431;7756883.637249447
274.0;0.022742;6756909.221151563;18904867.0207863;7089730.711558557
275.0;0.022825;7140585.228467409;18563307.25780908;6426705.353459359
276.0;0.022908;7531419.123843048;18200066.6658344;5747135.18127913
277.0;0.022991;7951990.348983415;17834226.36009817;5075922.881222733
278.0;0.023074;8387263.482586934;17552363.04841447;4416359.475430935
279.0;0.023157;8824661.263233596;17157422.96570307;3763832.074531008
280.0;0.02324;9261658.700370476;16764788.54647791;3121191.837691041
281.0;0.023323;9688859.905056698;16334821.32756742;2497479.799943143
282.0;0.023406;10082032.44652658;15900119.88988992;1876302.072216474
283.0;0.023489;10442959.97543892;15296064.81826213;1264061.266341669
284.0;0.023572;10792868.47907149;14639093.38011037;659226.729777782
285.0;0.023655;11083741.69290065;13971095.61185841;149137.0717425762
286.0;0.023738;11357332.71765259;13265500.09609994;301997.6842660894
287.0;0.023821;11599777.63291107;12574958.20287068;694811.6486125652
288.0;0.023904;11865604.16735777;11905103.48087587;1054480.652636015
289.0;0.023987;12126624.7019809;11266424.52512914;1395050.249825004
290.0;0.02407;12397090.62368539;10714252.36060062;1722620.168110389
291.0;0.024153;12668309.06339818;10184483.39762916;2043399.936634271
292.0;0.024236;12922355.58463808;9763706.451234138;2352609.091102486
293.0;0.024319;13156397.49026736;9287199.070353283;2658394.894371951
294.0;0.024402;13385892.78331784;8917783.171148706;2951355.904191834
295.0;0.024485;13644727.43772211;8584988.378444627;3237263.245694379
296.0;0.024568;13878045.06667698;8355464.51188682;3506189.831671186
297.0;0.024651;14172028.44700724;8167978.323454351;3772622.361050297
298.0;0.024734;14451136.51173302;8071871.094407796;4038163.65307634
299.0;0.024817;15031238.88843293;8276228.856359206;4302314.68510467
300.0;0.0249;15734722.03804608;8750684.432459893;4556018.216210009
301.0;0.024983;16634027.12901582;9422364.541410785;4816403.477405299
302.0;0.025066;17409598.0067399;9965159.21122422;5074539.952778981
303.0;0.025149;18110481.27072403;10338490.38896842;5345844.08960827
304.0;0.025232;18466427.03176444;10344343.45115535;5627376.090118865
305.0;0.025315;18629008.26376227;10138810.34430844;5931367.373634885
306.0;0.025398;18668881.68368649;9789787.591623092;6237337.945032212
307.0;0.025481;18547050.20906186;9252079.40225914;6566531.594951479
308.0;0.025564;18397509.99901594;8672630.624278821;6906707.76201917
309.0;0.025647;18109859.22143525;8092189.550618667;7242545.16162681
310.0;0.02573;17824435.62365656;7356436.11174651;7614098.188388309
311.0;0.025813;17454852.30846523;6804719.492310711;7965252.958203739
312.0;0.025896;17160041.76964302;5943239.430893764;8346493.291917617
313.0;0.025979;16664256.40504883;5426271.925545529;8758210.704862708
314.0;0.026062;16402965.65885049;4574399.524569248;9201221.2111477
315.0;0.026145;15887876.65369565;4075390.236376004;9623659.352115894
316.0;0.026228;15524354.60699952;3327478.046491475;10039137.60669962
317.0;0.026311;15035498.42365949;2768341.985003551;10395385.09271062
318.0;0.026394;14613370.21250611;2149405.101732701;10747182.15701428
319.0;0.026477;14164487.55056482;1600485.389799552;11068126.01683917
320.0;0.02656;13753523.17385997;1071815.137663894;11361479.71095507
321.0;0.026643;13268413.10201882;562003.5662205245;11632137.92644281
322.0;0.026726;12831037.97675909;132820.5150396216;11891485.58687079
323.0;0.026809;12353683.39340904;446491.1538794145;12113884.88133601
324.0;0.026892;11893985.98848611;926969.0102443916;12341853.35266442
325.0;0.026975;11390489.06456151;1467635.203051179;12578072.81188856
326.0;0.027058;10900533.51554766;2056327.590764636;12778489.84890963
327.0;0.027141;10353434.5563622;2705245.876331739;12972063.29803509
328.0;0.027224;9836805.280451844;3368116.042482652;13204781.06559295
329.0;0.027307;9279925.047578685;4032424.92174812;13363331.1899919
330.0;0.02739;8775747.717137778;4678911.061199744;13536117.5930336
331.0;0.027473;8216506.955723304;5333651.383803606;13720797.3247969
332.0;0.027556;7712385.628779519;5950668.826097593;13856243.69926317
333.0;0.027639;7197390.034373706;6558794.476938271;14018788.68920662
334.0;0.027722;6703431.5745763;7146493.960225858;14142376.11438878
335.0;0.027805;6213417.35747043;7723476.583819837;14293318.26667267
336.0;0.027888;5737338.045122443;8280578.871618318;14411496.50723483
337.0;0.027971;5272662.950198343;8832515.35354976;14550284.20546698
338.0;0.028054;4817523.090549926;9384370.017541971;14682261.50572564
339.0;0.028137;4371639.021570264;9932460.259300292;14818092.7070203
340.0;0.02822;3923586.688565322;10653335.67720828;15077270.41480384
341.0;0.028303;3498758.156385049;11565121.19216445;15488367.2680882
342.0;0.028386;3108628.70394239;12642672.07076389;16033671.25687074
343.0;0.028469;2737990.729841384;13880841.43724651;16690091.41027595
344.0;0.028552;2379312.307891;15159840.8728315;17398809.77947626
345.0;0.028635;2031377.075090082;16276700.9400413;18051104.64825927
346.0;0.028718;1692598.013348446;17218136.20410233;18553159.05775819
347.0;0.028801;1366470.475858353;18066448.65854446;18871116.44371646
348.0;0.028884;1050637.260623864;18870129.9412427;19220967.03527801
349.0;0.028967;738272.0141978364;19484587.29932873;19318652.86321308
350.0;0.02905;432083.661827625;20022189.15459196;19410861.9399788
351.0;0.029133;128588.8071054766;20392417.08113907;19215140.89085242
352.0;0.029216;170525.4404255071;20769520.10070875;19150559.58907837
353.0;0.029299;467672.7720273653;21012278.58305743;18824122.02826745
354.0;0.029382;762360.0092814683;21278478.74472662;18632171.06118375
355.0;0.029465;1055850.951962449;21417174.51231308;18182243.08795063
356.0;0.029548;1346532.80962937;21608596.82926193;17923805.74687761
357.0;0.029631;1637345.695087482;21677624.44327584;17427382.96312322
358.0;0.029714;1925976.616505385;21791575.3575814;17098488.38729516
359.0;0.029797;2213340.53475241;21814853.71736025;16600349.96630472
360.0;0.02988;2495208.745511485;21834755.50713192;16154765.02442193
361.0;0.029963;2777673.805250869;21819345.10204212;15680891.39272848
362.0;0.030046;3057621.945142258;21724439.05073356;15067367.96204886
363.0;0.030129;3336863.110578571;21683966.05423658;14654866.92391847
364.0;0.030212;3613177.060115332;21511401.28055959;13958359.8431126
365.0;0.030295;3885088.522494955;21385000.48130959;13465476.73051616
366.0;0.030378;4161111.162339735;21143022.71743429;12740180.11053389
367.0;0.030461;4433934.944067671;20958304.43769507;12213676.62296416
368.0;0.030544;4711435.009360223;20680913.72617253;11494669.65797206
369.0;0.030627;4996733.993956053;20431336.36974324;10890795.20081233
370.0;0.03071;5297308.562525423;20122914.47518187;10190414.55917679
371.0;0.030793;5587667.121720748;19816755.19546499;9536690.308881765
372.0;0.030876;5893340.444090773;19478579.90841652;8845554.435543813
373.0;0.030959;6220101.208519015;19107490.15557908;8149497.492548248
374.0;0.031042;6547202.338490165;18762950.18636123;7477740.653640505
375.0;0.031125;6897607.995787154;18455934.36444565;6825669.809008577
376.0;0.031208;7288465.52225949;18098109.42889762;6162081.937584469
377.0;0.031291;7693803.864378056;17758302.91968278;5494193.309978817
378.0;0.031374;8111336.701348062;17443317.16006494;4832402.126624375
379.0;0.031457;8534614.519618247;17067832.08761854;4159678.489509746
380.0;0.03154;8981539.214250157;16682632.9499057;3507337.03493488
381.0;0.031623;9404974.071797019;16248284.83406195;2862088.855663868
382.0;0.031706;9810940.940771684;15833815.61591576;2232476.057249698
383.0;0.031789;10186380.53378294;15302367.88178959;1593064.045916712
384.0;0.031872;10517769.90867455;14627894.82660783;976801.6554385961
385.0;0.031955;10850141.84606773;13948685.22922538;387797.8202368422
386.0;0.032038;11130411.17450684;13272482.2374696;105528.9818768423
387.0;0.032121;11374732.35446818;12595301.39712469;525227.4139919449
388.0;0.032204;11621185.06974089;11922277.87684932;903334.0812207884
389.0;0.032287;11874869.55372701;11301487.92098658;1249077.867815332
390.0;0.03237;12125779.87398334;10746493.52093056;1580451.735723047
391.0;0.032453;12386740.92884685;10253678.80133224;1902595.027366644
392.0;0.032536;12651951.55236311;9791370.193401346;2215838.880794863
393.0;0.032619;12889157.86808553;9388214.425407568;2520252.923104967
394.0;0.032702;13122249.76221086;8944269.738007162;2820623.716810994
395.0;0.032785;13345920.13839001;8601615.131725691;3108646.376901424
396.0;0.032868;13583268.51309396;8326459.986761953;3385015.63284481
397.0;0.032951;13830253.34527527;8099783.645469675;3650839.161751818
398.0;0.033034;14077054.68073156;7918394.188735623;3913630.412483561
399.0;0.033117;14356876.12201756;7802924.533636894;4179642.881373803
400.0;0.0332;14879530.95162187;7976272.994765595;4443427.80468315
401.0;0.033283;15560304.47225149;8411151.453232551;4704760.968705445
402.0;0.033366;16407248.18946952;9048963.707001967;4963415.072843445
403.0;0.03344900000000001;17143326.73755014;9563550.48321764;5230430.270000024
404.0;0.03353200000000001;17833247.29248356;9935846.110478144;5502941.760599917
405.0;0.03361500000000001;18180951.57669423;9940085.360897051;5795728.761569727
406.0;0.03369800000000001;18352984.22573738;9777077.692951912;6092654.532347154
407.0;0.03378100000000001;18447227.7000303;9441518.910801742;6407104.265521098
408.0;0.03386400000000001;18307984.31018281;8922394.603304733;6734151.778811309
409.0;0.033947;18125580.68067958;8324137.225351783;7074706.338074623
410.0;0.03403;17780004.5314378;7716140.605114779;7418832.521409804
411.0;0.034113;17553288.38402624;6995092.167968175;7792723.234318429
412.0;0.034196;17121274.70652141;6422943.874804644;8143103.053853917
413.0;0.034279;16866589.54361443;5591501.73531476;8556238.828759842
414.0;0.034362;16348216.6815231;5049862.82845984;8976171.676748222
415.0;0.034445;16051533.93864914;4239875.872594479;9417672.654730726
416.0;0.034528;15564415.98541373;3702049.473814716;9832359.781781979
417.0;0.034611;15136810.43462883;2991521.046776887;10203123.8065872
418.0;0.034694;14720377.06779113;2424663.633559378;10562952.98780996
419.0;0.034777;14257489.85815507;1819081.212231824;10891077.46348844
420.0;0.03486;13868670.99286929;1287641.124284037;11191966.626031
421.0;0.034943;13372849.87552768;755519.7291104472;11461383.12708553
422.0;0.035026;12949511.68679818;272442.8640195912;11717122.480725
423.0;0.035109;12479876.57629907;279014.8447527233;11953352.27203755
424.0;0.035192;12048150.07563921;727069.4207093877;12184023.17638949
425.0;0.035275;11560518.78313503;1213757.937827928;12400577.78096068
426.0;0.035358;11085490.73784392;1735982.581040761;12623822.26652759
427.0;0.035441;10573297.40506368;2319454.813467088;12819896.27795323
428.0;0.035524;10057448.09327196;2946266.243783799;12996901.86694374
429.0;0.035607;9524094.930723023;3602713.46608157;13208803.21525792
430.0;0.03569;8995652.453304062;4252361.960735284;13358695.0433581
431.0;0.035773;8455455.829069445;4898999.105106518;13527630.0699283
432.0;0.035856;7939398.05004329;5528105.649189934;13703090.73161907
433.0;0.035939;7416358.726208796;6136679.31865731;13818073.74818904
434.0;0.036022;6899546.434441593;6736529.131466867;13980118.51297271
435.0;0.036105;6412577.913707032;7311675.180002552;14095147.48432468
436.0;0.036188;5932672.013465709;7868689.526687562;14229517.11396244
437.0;0.036271;5468717.421318146;8415838.978275124;14346911.1838194
438.0;0.036354;5009092.086755428;8955313.55710989;14465469.85067162
439.0;0.036437;4559248.732390849;9489776.104787488;14586276.45008309
440.0;0.03652;4117257.310688318;10057701.84498862;14726172.30074591
441.0;0.036603;3672546.204866666;10806851.92319463;15009398.83081909
442.0;0.036686;3253281.835579785;11747634.8185864;15433634.10677082
443.0;0.036769;2872546.373389931;12877918.52495385;16003978.60992503
444.0;0.036852;2510362.397451763;14167488.77189366;16696201.43672047
445.0;0.036935;2160542.991859142;15449005.35210439;17427383.28852998
446.0;0.037018;1821177.828119088;16543881.53028807;18082524.81565802
447.0;0.037101;1492366.447369041;17508631.92488696;18599544.96580481
448.0;0.037184;1175109.890678999;18352277.28779036;18902902.92651005
449.0;0.037267;863718.9690811115;19093926.31173178;19197918.63125953
450.0;0.03735;556008.558792193;19651802.28556009;19250075.52017849
451.0;0.037433;253355.4731843933;20150631.81345871;19315632.35503522
452.0;0.037516;48270.950323646;20502002.09209581;19123838.31460254
453.0;0.037599;344130.3063282013;20866376.88289379;19061508.78049741
454.0;0.037682;639996.3980966314;21084806.59197567;18714182.70854591
455.0;0.037765;933451.5775524349;21335039.98736484;18507816.09272569
456.0;0.037848;1225832.286215775;21460835.10084066;18058691.20466226
457.0;0.03793100000000001;1515389.320366838;21619651.27493599;17754821.2790021
458.0;0.03801400000000001;1804810.250893975;21689177.59551825;17290589.1512268
459.0;0.03809700000000001;2093079.285899238;21762894.08212281;16899687.50193929
460.0;0.03818000000000001;2376305.565315082;21787522.06990435;16447315.38515713
461.0;0.03826300000000001;2657866.850677839;21750845.84462781;15902495.32319605
462.0;0.03834600000000001;2938803.086480173;21747478.20375932;15503863.01532398
463.0;0.038429;3218523.976540836;21614865.72653853;14833222.83014499
464.0;0.038512;3494360.319800426;21538080.89790903;14379721.19912547
465.0;0.038595;3768276.718404361;21351129.09891019;13695360.68481786
466.0;0.038678;4041015.98482463;21199501.60194775;13190669.1431197
467.0;0.038761;4315301.096953952;20928891.11241334;12449697.98884284
468.0;0.038844;4587065.565197023;20726794.07969172;11915123.55766857
469.0;0.038927;4871112.501601591;20446440.39830153;11206581.47401968
470.0;0.03901;5157804.326942739;20177192.21414802;10585130.02381254
471.0;0.039093;5456622.099735503;19866895.62747661;9901418.225056324
472.0;0.039176;5757472.091045803;19548170.05659432;9235161.474806102
473.0;0.039259;6078089.969522092;19193844.66764655;8543249.134600487
474.0;0.039342;6398938.707501363;18808233.41567902;7843001.679986854
475.0;0.039425;6724615.221461265;18458812.42163524;7174181.097041095
476.0;0.039508;7104516.878685129;18142975.54490785;6513291.412663565
477.0;0.039591;7516181.417535853;17755434.45330491;5843260.443566083
478.0;0.039674;7932065.105485415;17483885.46013543;5192067.550251323
479.0;0.039757;8346584.098580904;17111738.07543556;4520526.783510692
480.0;0.03984;8787670.07946902;16766783.9998272;3865250.202068286
481.0;0.039923;9220504.215618191;16307285.38026781;3202232.030894298
482.0;0.040006;9635751.062181368;15927732.88442125;2571753.368050214
483.0;0.040089;10015671.00280064;15407373.63602125;1917808.24272198
484.0;0.040172;10363716.09565678;14780479.4668515;1278032.312653128
485.0;0.040255;10693607.87728534;14071360.43040948;640490.6102062225
486.0;0.040338;11007515.19058567;13425675.37756843;112276.36631196
487.0;0.040421;11257685.74796443;12723768.30892957;356177.0583964335
488.0;0.040504;11507937.25060988;12070882.59559675;754618.5853674276
489.0;0.040587;11744215.28634272;11379000.49322767;1119111.99340128
490.0;0.04067;11994296.2645113;10824115.28111452;1456336.250568741
491.0;0.040753;12271882.86610735;10353273.02851247;1779646.241816488
492.0;0.040836;12516134.52386712;9878791.397372395;2098257.789293793
493.0;0.040919;12781367.12972063;9488482.556620363;2403780.727062593
494.0;0.041002;12998859.66053478;9020538.595152201;2708996.6729398
495.0;0.041085;13236484.23481148;8685994.405028954;2998860.140672598
496.0;0.041168;13447951.60101389;8354212.764056785;3282502.123233497
497.0;0.041251;13711192.82563443;8127518.68380283;3548199.625141401
498.0;0.041334;13923020.81287937;7929861.432875529;3813304.893624232
499.0;0.041417;14202271.10752948;7777826.161544073;4080961.731831247
500.0;0.0415;14526121.59999245;7755003.59852292;4348462.659926083
501.0;0.041583;15164949.6166511;8065965.779006732;4609586.470959784
502.0;0.041666;15458712.64558677;8169904.923903175;4882141.571865961
503.0;0.041749;16730120.68789814;9138987.313472224;5136967.094034997
504.0;0.041832;16732857.47834111;8956556.338585068;5424465.970885467
505.0;0.041915;17770828.25199786;9769835.074807039;5689662.03261279
506.0;0.041998;17864425.07895003;9370419.043203995;5998434.647166615
507.0;0.042081;18282879.2898395;9552098.459901063;6293426.228514589
508.0;0.042164;18143396.28552223;8778875.932059323;6632947.725735069
509.0;0.042247;17924379.69117536;8565493.892751912;6948139.455539636
510.0;0.04233;17831043.53766965;7707185.622908224;7306127.4414537
511.0;0.042413;17191667.80507373;7063309.173897937;7670020.483254526
512.0;0.042496;17249305.0928735;6369913.003335123;8033925.522274738
513.0;0.042579;16543092.95200208;5731676.470503514;8408546.505966078
514.0;0.04266200000000001;16450585.67248332;4954402.995872706;8841408.282752711
515.0;0.04274500000000001;15807329.27599237;4404067.136277372;9265808.105687274
516.0;0.042828;15568564.78425663;3518836.925531359;9717119.373387668
517.0;0.042911;14966507.90101276;3072106.572319285;10088579.4759144
518.0;0.042994;14640647.25097173;2332327.036492892;10461107.56805924
519.0;0.043077;14204884.88070264;1834850.547014525;10789188.43711706
520.0;0.04316;13720693.43818356;1281882.073247381;11096672.08491053
521.0;0.043243;13299392.27953075;775569.7460153013;11391315.65701171
522.0;0.043326;12846765.80018898;307800.9167957327;11651908.13342357
523.0;0.043409;12419206.390249;215243.639996784;11889750.79998985
524.0;0.043492;11946933.69384145;651843.5120884847;12122929.30610732
525.0;0.043575;11541072.20886119;1104424.273552177;12344338.62299719
526.0;0.043658;11111751.02359262;1605525.585049982;12553390.8373525
527.0;0.043741;10518530.37683381;2211983.636531107;12757523.81233733
528.0;0.043824;10151748.93319582;2798684.634829133;12959646.43792519
529.0;0.043907;9572156.01254557;3461456.804678683;13138795.2129501
530.0;0.04399;9121386.794467766;4093286.431736887;13325367.86382367
531.0;0.044073;8573411.796358604;4740506.420518091;13492892.11167538
532.0;0.044156;8054959.14354686;5369012.550106527;13654290.48171896
533.0;0.044239;7587023.167297836;5966230.681865717;13800981.5923127
534.0;0.044322;7088506.256919193;6561252.770973178;13941226.62343876
535.0;0.044405;6602270.246542953;7131861.908971559;14078367.00270067
536.0;0.044488;6134932.192841404;7689110.116617371;14200071.81877089
537.0;0.044571;5673672.220786709;8241730.85551827;14337895.60339901
538.0;0.044654;5210846.566628226;8785558.393373206;14439483.61755648
539.0;0.044737;4758514.213199494;9338744.532457681;14599114.8447227
540.0;0.04482;4312007.483748794;9943765.241669701;14733026.80078751
541.0;0.044903;3881727.160008886;10755577.97756632;15116657.76523574
542.0;0.04498600000000001;3438158.001054512;11720757.5028562;15473343.89135185
543.0;0.045069;3030148.83274384;12922324.55814009;16229471.51229392
544.0;0.045152;2643806.986694014;14014685.21349608;16334687.31248398
545.0;0.045235;2297429.601913932;15395784.61676312;17705735.44341771
546.0;0.045318;1951683.789452105;16363809.29092476;18054125.57385275
547.0;0.045401;1618581.185776456;17406943.38037086;18756216.04833555
548.0;0.045484;1297282.183944958;18237302.61784891;19049919.28335007
549.0;0.045567;987818.2494590253;18994436.49307441;19367359.82873367
550.0;0.04565;680651.567847114;19562733.48732705;19401437.92478728
551.0;0.045733;376840.9037897937;20069887.29939106;19429787.48800265
552.0;0.045816;75114.151500092;20436572.16001412;19246904.47284172
553.0;0.045899;224132.5697259349;20779194.27345824;19103294.08448826
554.0;0.045982;520890.7775597367;21014151.7911035;18772269.01909645
555.0;0.046065;815693.0816324352;21240667.13396424;18503568.33348816
556.0;0.046148;1108404.30806638;21386277.5295742;18090525.05360926
557.0;0.046231;1399808.645438986;21524619.22251978;17714870.20870573
558.0;0.046314;1690228.948548684;21592798.63125689;17235698.4807494
559.0;0.046397;1979522.920609105;21646373.340774;16783390.09733788
560.0;0.04648;2265818.595587807;21646302.16075824;16266520.14782379
561.0;0.046563;2547574.732860976;21613754.39322912;15725819.6270021
562.0;0.046646;2831260.510789083;21585872.85739933;15251059.12303608
563.0;0.046729;3112157.119493605;21467835.78210181;14600064.93814969
564.0;0.046812;3390200.121761819;21399375.28049918;14128085.53671759
565.0;0.046895;3665515.027840654;21215938.90101404;13429908.80142754
566.0;0.04697800000000001;3941585.018462342;21068884.18611089;12885341.26825134
567.0;0.04706100000000001;4215840.166344848;20855271.24689888;12219877.17902687
568.0;0.04714400000000001;4488715.66940823;20653636.30528865;11640863.73152361
569.0;0.04722700000000001;4772207.634416378;20372112.16278038;10902926.22062497
570.0;0.04731;5060634.053711251;20138312.09933089;10348063.96611009
571.0;0.047393;5365482.634929551;19778819.48060752;9487398.436982067
572.0;0.047476;5659118.294707733;19550960.57385562;9065699.909544116
573.0;0.047559;5978846.218959981;19061068.5713126;7933596.441762882
574.0;0.047642;6293967.609642202;18883847.1777856;7770356.183673684
575.0;0.047725;6622218.090739836;18479644.10349199;6868201.757721346
576.0;0.047808;6998393.705376613;18160278.60963398;6352434.947197762
577.0;0.047891;7389901.67142883;17787323.44071392;5581069.521153441
578.0;0.047974;7806857.907579478;17448505.99329938;4993590.314743708
579.0;0.048057;8221987.419929116;17105395.87058496;4318788.200814551
580.0;0.04814;8659267.830105623;16782356.57807472;3708965.171589585
581.0;0.048223;9106465.645688506;16438490.08090051;3091291.801313411
582.0;0.048306;9526099.483039344;16035470.23484398;2500289.385122228
583.0;0.048389;9923785.167619763;15647025.60275664;1903990.817271152
584.0;0.048472;10299944.75843384;15138698.01106142;1315316.321595302
585.0;0.048555;10644903.1708785;14583910.48596762;765587.1615038707
586.0;0.048638;10958651.0748611;13846835.70703228;239131.8875286963
587.0;0.048721;11227324.24589104;13251084.45214057;206153.8809809486
588.0;0.048804;11467346.68632845;12589062.69440892;600183.7124128178
589.0;0.048887;11709056.39867019;11891824.84258939;964315.6431592316
590.0;0.04897;11971910.22609151;11259950.39422744;1307197.073792878
591.0;0.049053;12238613.06722734;10732282.22659294;1634081.21350994
592.0;0.049136;12476281.59307551;10231646.46047467;1955354.68755509
593.0;0.049219;12764653.53352753;9803037.128457466;2266510.580839418
594.0;0.049302;12966125.80690402;9346322.56082009;2570619.301943889
595.0;0.049385;13216977.3198504;8888847.688378034;2871264.050585525
596.0;0.049468;13399566.67039268;8566611.828868773;3156310.406667536
597.0;0.049551;13700144.50708415;8316560.645932472;3429512.601967528
598.0;0.049634;13878813.64900993;8097840.455204276;3692390.584319723
599.0;0.049717;14225195.45979592;7951541.926809392;3959000.721201926
600.0;0.0498;14601057.65014789;8107716.430807177;4221484.649469444
601.0;0.049883;15423093.1527183;8443117.851354383;4482921.89630192
602.0;0.049966;16110383.84789367;9180932.104071952;4731560.222527248
603.0;0.050049;16846058.92162596;9177995.161324847;5016297.588531747
604.0;0.050132;17504137.4989848;10195046.00892299;5254091.552340311
605.0;0.050215;17968542.43417242;9710849.910276914;5557360.678420253
606.0;0.050298;18300260.72268171;10247768.09801314;5827465.928695614
607.0;0.050381;18217649.83410298;9258925.180565283;6157577.740086005
608.0;0.050464;18295824.25425775;9321750.438485546;6458625.395745518
609.0;0.050547;18032402.49944381;8373180.22892113;6804585.311871101
610.0;0.05063;17931589.66514006;8198105.021592877;7128152.926727917
611.0;0.050713;17520853.36229146;7031156.707821723;7503655.290759521
612.0;0.050796;17221333.53860239;6851642.146518859;7840069.885920588
613.0;0.050879;16833522.83157089;5696993.380167874;8223393.557857647
614.0;0.050962;16458757.84929672;5472176.567237705;8619170.601098143
615.0;0.051045;16036913.50685145;4393638.3928605;9087460.094099997
616.0;0.051128;15594567.65954934;4088413.414629416;9505842.060899463
617.0;0.051211;15225197.7872475;3183068.143324943;9930480.28445551
618.0;0.05129400000000001;14732023.01911741;2745313.889496733;10266821.00844171
619.0;0.05137700000000001;14402514.83162879;2095578.509148502;10638227.57426006
620.0;0.05146000000000001;13704759.08943766;1502927.892168612;10960949.0570824
621.0;0.05154300000000001;13610582.43404068;1056911.357534306;11258799.66913849
622.0;0.05162600000000001;12958071.92429986;530719.9750905497;11500929.50059342
623.0;0.051709;12775548.82255383;164470.1135277254;11752772.22593338
624.0;0.051792;12094977.27452845;434716.9618214351;11979280.52711128
625.0;0.051875;11862715.16420923;850768.1154986336;12210595.51486523
626.0;0.051958;11251129.06434868;1418324.013002914;12452700.81784304
627.0;0.052041;10837033.18868358;1971453.165820032;12636718.15708795
628.0;0.052124;10335575.3755998;2589679.401329846;12839857.66205597
629.0;0.052207;9816053.109204348;3234661.031030917;13050142.3384361
630.0;0.05229;9259287.10252437;3888298.372233552;13212234.73091073
631.0;0.052373;8816929.137622518;4500436.993142403;13408042.38284675
632.0;0.052456;8245868.062747184;5142635.739473237;13557371.4006573
633.0;0.052539;7791790.271433003;5735371.631396738;13721783.70948993
634.0;0.052622;7297370.258665528;6328713.529287271;13872813.870603
635.0;0.052705;6804996.666805274;6899156.46830951;13980413.70836491
636.0;0.052788;6323946.769979853;7459557.610292776;14147595.85953844
637.0;0.052871;5860974.884390383;8001446.716912705;14226006.02686162
638.0;0.052954;5393625.080902305;8555986.16940019;14421587.8901794
639.0;0.053037;4935286.253050219;9075341.886930326;14440036.68176869
640.0;0.05312;4488489.13081181;9647543.897829717;14698648.17148124
641.0;0.053203;4045388.870703092;10295329.77055076;14780255.06204628
642.0;0.053286;3609219.595929614;11212586.49942489;15353002.57684447
643.0;0.053369;3172992.410595979;12195091.80984278;15552904.6225096
644.0;0.053452;2803804.655184865;13543753.05145726;16613630.81035102
645.0;0.053535;2435978.897438914;14721771.76241348;16951727.84463392
646.0;0.053618;2097634.780115786;15945010.76082038;18017391.97088434
647.0;0.053701;1754647.919933962;16855884.75273781;18270754.68265069
648.0;0.053784;1428806.017929262;17897179.13514473;19008812.7069892
649.0;0.053867;1114703.830130195;18608288.21293151;19102769.74533449
650.0;0.05395;807727.5575125731;19333390.65177167;19456011.17261557
651.0;0.054033;501038.5308084239;19818620.59261511;19371402.588354
652.0;0.054116;198573.9402948454;20280464.1752353;19363920.47287947
653.0;0.054199;102601.2444740125;20605405.55482438;19130357.87267233
654.0;0.054282;399410.0374753986;20913295.47605092;18947762.3468596
655.0;0.054365;695242.4924584772;21116526.75775563;18583892.83837158
656.0;0.054448;989047.4016772559;21323116.2921669;18293120.68699061
657.0;0.054531;1281438.917275538;21434619.08153731;17833651.07618674
658.0;0.054614;1571648.813501009;21554447.5897054;17450079.03722988
659.0;0.054697;1862217.830836557;21590070.89126178;16928450.79961974
660.0;0.05478;2149605.317282225;21641795.85887826;16503124.03378591
661.0;0.054863;2433893.920326957;21612743.18607817;15936176.07655957
662.0;0.054946;2716545.571711024;21598483.66495498;15462929.15982736
663.0;0.055029;2998403.654709294;21507654.0431761;14852697.39994692
664.0;0.055112;3278203.814776173;21427718.80322666;14321912.94254626
665.0;0.055195;3555316.313474895;21278154.37571884;13672121.52440915
666.0;0.055278;3828699.687546658;21132598.51848169;13120470.19256309
667.0;0.055361;4105202.304479968;20931782.0127111;12451066.37865813
668.0;0.055444;4377627.099219327;20728589.33410199;11880247.18561118
669.0;0.055527;4657418.999342607;20485007.49453884;11196103.4398097
670.0;0.05561;4943068.090248763;20246264.37169297;10598853.09602913
671.0;0.055693;5244701.225691426;19931091.56089592;9842506.633678729
672.0;0.05577600000000001;5535109.603016919;19675747.18578418;9299609.827940583
673.0;0.05585900000000001;5840886.469806174;19304120.03132206;8477796.462559178
674.0;0.05594200000000001;6166823.503952302;19029698.22500132;7975432.105235585
675.0;0.05602500000000001;6490840.482136782;18621236.55315728;7126712.007295795
676.0;0.05610800000000001;6836057.602999018;18314516.01432031;6606573.17963165
677.0;0.056191;7228636.399239169;17929081.06485974;5830826.988996549
678.0;0.056274;7635666.961387969;17573246.75069961;5236869.871440359
679.0;0.056357;8054129.673691003;17215388.42786913;4548797.016565496
680.0;0.05644;8478967.726910708;16874455.85207644;3938934.297116289
681.0;0.056523;8926946.473849857;16484903.51310049;3299365.374742336
682.0;0.056606;9358423.089933252;16141684.32779637;2706069.180044823
683.0;0.056689;9764643.688428242;15760680.23060525;2104147.142818788
684.0;0.056772;10156719.3165968;15361453.45152172;1544342.98500539
685.0;0.056855;10502975.76409345;14774079.68369963;971465.1967737477
686.0;0.056938;10834395.34386464;14183855.35431379;448467.9729697832
687.0;0.057021;11114416.07290976;13456322.60770521;43329.30666681296
688.0;0.057104;11371779.31426757;12876192.91055025;442074.9512509907
689.0;0.057187;11598412.88535758;12144197.21522752;820027.6031023642
690.0;0.05727;11865217.92057678;11497823.11899767;1168924.480805082
691.0;0.057353;12113097.29074357;10885338.87562841;1505405.674248244
692.0;0.057436;12374143.92165343;10413516.83288766;1826597.273412318
693.0;0.057519;12620850.74302065;9906552.370324695;2144823.747962711
694.0;0.057602;12909060.67633692;9532456.370820776;2448731.087555517
695.0;0.057685;13074303.23447643;8997044.127795586;2754701.060636772
696.0;0.057768;13337187.09052177;8657365.341415834;3044778.18408655
697.0;0.057851;13499775.07222861;8342083.604843613;3323579.20074873
698.0;0.057934;13836210.96531641;8140329.509005385;3591292.128053598
699.0;0.058017;14013742.66388082;7929389.698845869;3853085.639657192
700.0;0.0581;14416632.78237902;7927309.14823742;4118637.346135305
701.0;0.058183;14935857.23932834;8090833.836150271;4385983.676763107
702.0;0.058266;15766887.45518031;8735857.792033376;4638199.022817108
703.0;0.058349;16343825.08383272;8989740.396177076;4907064.373768178
704.0;0.058432;17293416.55248471;9926943.604771785;5158253.736803458
705.0;0.058515;17318449.19924527;9227080.505186426;5462701.941532454
706.0;0.058598;18206710.35617191;10212023.1050439;5720533.328594489
707.0;0.058681;17556968.56195876;8826599.639785836;6053589.44040511
708.0;0.058764;18572124.46195222;9603237.58540618;6340909.249024661
709.0;0.058847;17505915.95956573;8134140.334506807;6690299.987916837
710.0;0.05893;18309554.33422838;8506513.17802443;7008347.90765442
711.0;0.059013;17608626.98388971;7363616.51403983;7368240.466613417
712.0;0.059096;17543795.11241059;7160831.4274121;7718266.159937537
713.0;0.059179;17102620.30006968;6003763.661840696;8094195.609883924
714.0;0.059262;16712991.91705125;5813946.920801476;8473527.234274544
715.0;0.059345;16383363.79217653;4641073.542800096;8946491.80123488
716.0;0.059428;15862953.96016843;4415850.701700768;9360120.747528395
717.0;0.059511;15527808.72697328;3395569.411712668;9795861.431143293
718.0;0.059594;14997030.70565348;3033278.056066621;10156640.37886357
719.0;0.059677;14520569.22014039;2324251.996541871;10520299.92830665
720.0;0.05976;14267555.2200626;1849783.99730294;10860094.49950538
721.0;0.059843;13652909.60182994;1256489.472496082;11138990.44552302
722.0;0.059926;13327143.68636773;764998.187290319;11419974.70388513
723.0;0.06000900000000001;12827263.66750108;280348.2284006967;11678908.51132891
724.0;0.06009200000000001;12462146.05916515;233549.782289677;11912150.06872248
725.0;0.06017500000000001;11955065.97613648;692760.3241967993;12145748.1399407
726.0;0.06025800000000001;11522420.2576598;1170585.387638945;12384578.70721105
727.0;0.06034100000000001;11042709.93313774;1705492.565092293;12586046.24347888
728.0;0.06042400000000001;10538871.7616698;2298496.114942329;12773962.6057682
729.0;0.06050700000000001;10088439.04042212;2919751.431887326;13004661.95849709
730.0;0.06059;9437879.255472453;3607087.245363091;13159596.58250171
731.0;0.060673;9038389.104776666;4222378.4233581;13360577.25718826
732.0;0.060756;8469904.143934445;4873103.027395396;13512204.81894642
733.0;0.060839;7980189.341736478;5493246.564009311;13682923.95363077
734.0;0.060922;7499793.49590633;6098058.410414248;13830609.01652693
735.0;0.061005;6999268.824059807;6688265.720194533;13961499.99129609
736.0;0.061088;6507518.239814827;7262408.878583345;14098394.64989493
737.0;0.061171;6044847.817425154;7810552.644557863;14220675.21549344
738.0;0.061254;5575998.48961422;8366339.733358533;14354639.15550201
739.0;0.061337;5111116.04910004;8903954.177801082;14455903.5820393
740.0;0.06142;4660344.845684747;9459282.049856976;14624226.40285806
741.0;0.061503;4215630.033661424;10058267.60072554;14755074.93807703
742.0;0.061586;3782299.02960123;10881175.09793609;15157252.13867603
743.0;0.061669;3342850.786112742;11844517.00251896;15501495.5227089
744.0;0.061752;2947190.410639999;13054936.49379523;16271899.37933103
745.0;0.061835;2578851.641728276;14259424.8851638;16690052.54327013
746.0;0.061918;2228403.861428115;15564374.28141277;17770586.36414316
747.0;0.062001;1884335.176513357;16478802.66821945;18035925.73599087
748.0;0.062084;1555505.686411244;17545676.46789442;18828793.03557977
749.0;0.062167;1234658.581886689;18300172.45699928;18957292.55038486
750.0;0.06225;927933.0855951227;19073710.20371372;19378022.96564164
751.0;0.062333;621560.4914749858;19559121.49603134;19263436.20726214
752.0;0.062416;318901.6850838944;20088148.70159566;19367111.81641218
753.0;0.062499;19068.8111250476;20471875.46996848;19213333.46259955
754.0;0.062582;281680.2169408244;20801600.43964354;19033454.31219857
755.0;0.062665;578042.543972653;21046581.84146727;18732080.5922615
756.0;0.062748;872975.9817196258;21261032.95404871;18427802.44171827
757.0;0.062831;1165269.722832505;21409363.07807495;18032094.61104305
758.0;0.062914;1456723.483392508;21530837.25553339;17625160.58607445
759.0;0.062997;1746880.540139472;21602413.12677185;17154590.29293502
760.0;0.06308;2036628.438058499;21652623.26089736;16699199.37354702
761.0;0.063163;2321127.416888067;21651942.84883733;16177754.67061029
762.0;0.063246;2603493.969215389;21632703.7216211;15670631.91463537
763.0;0.063329;2887314.665025033;21560122.00379596;15088486.49206136
764.0;0.063412;3167891.815187746;21481992.06304941;14546512.98222866
765.0;0.063495;3446683.434644426;21350149.81419109;13921924.34708202
766.0;0.063578;3720696.815987154;21207027.42831292;13355828.32802182
767.0;0.063661;3996799.924317019;21026501.2087053;12713536.518098
768.0;0.063744;4271140.374430628;20821515.49478255;12120556.01895644
769.0;0.063827;4544828.20928562;20596483.73258136;11469510.62519972
770.0;0.06391;4829663.305431834;20356341.87517691;10848453.05385451
771.0;0.063993;5119737.64850184;20077792.90447937;10163686.05535805
772.0;0.064076;5419781.795422604;19799974.98759346;9537876.344448704
773.0;0.064159;5716431.561500169;19467219.09534424;8816880.568816593
774.0;0.064242;6039327.366893853;19161427.10354949;8203418.493725998
775.0;0.064325;6362136.205258044;18766785.64871486;7421471.53128477
776.0;0.06440799999999999;6691007.280723068;18449256.23992626;6857338.967942758
777.0;0.064491;7064952.685338566;18075039.80130027;6104322.357069669
778.0;0.064574;7473240.131885039;17732847.33862729;5492647.217440682
779.0;0.064657;7898643.658867103;17379123.34837729;4819267.919349746
780.0;0.06474;8309475.962575781;17017380.11376673;4185997.206700769
781.0;0.064823;8762347.665329961;16684286.36356888;3564440.504200026
782.0;0.064906;9209408.73807166;16361612.62778354;2958871.204949453
783.0;0.064989;9620964.40491834;15965713.87257057;2371233.124908018
784.0;0.065072;10006796.13387595;15515009.74845202;1775027.458191072
785.0;0.065155;10384151.08606581;15114692.27105211;1220656.471842833
786.0;0.065238;10725810.24170201;14543413.55577328;681099.8892480372
787.0;0.065321;11034666.8848749;13815522.47643686;168976.7290195412
788.0;0.065404;11288293.10147689;13193351.75487096;270366.24771928
789.0;0.065487;11540844.22811613;12529949.87914252;658891.0656256517
790.0;0.06557;11774451.06540103;11850886.69225638;1019105.869504559
791.0;0.065653;12027894.80139275;11194706.72747543;1363594.596435408
792.0;0.065736;12273778.57140023;10638619.26280943;1693053.652461497
793.0;0.065819;12539549.39201257;10173478.88889142;2011345.176592311
794.0;0.065902;12794532.49870658;9694218.92391763;2325572.804730047
795.0;0.065985;13031400.95155952;9303004.119405339;2625439.414792813
796.0;0.066068;13242210.74110989;8795010.857410844;2928303.119677308
797.0;0.066151;13441844.03100751;8484572.174838113;3211474.137702696
798.0;0.066234;13711990.0292744;8201851.159515668;3484562.056998398
799.0;0.066317;13945162.18544806;7993012.73392943;3750591.916842159
800.0;0.0664;14174842.96640635;7786968.442312422;4019284.555459113
801.0;0.066483;14620212.35762224;7907763.440971594;4284331.882663966
802.0;0.066566;15244104.2821668;8158182.523404065;4545761.261473587
803.0;0.066649;15984421.77622891;8851273.892932592;4802666.9824342
804.0;0.066732;16620434.35430037;8999602.685714873;5075582.955097209
805.0;0.066815;17227070.53559681;9810763.44270692;5327471.065941043
806.0;0.066898;17765380.1671971;9337160.753153957;5637609.910934403
807.0;0.066981;18164790.94744573;10010382.03378444;5906409.600064163
808.0;0.067064;18171857.61761405;9183540.741358249;6233521.94047199
809.0;0.067147;18447725.88186977;9311944.855684057;6539797.303790036
810.0;0.06723;17905319.02072834;8139636.293779028;6894086.083789834
811.0;0.067313;18029408.37994089;8121981.581552169;7212961.181647087
812.0;0.067396;17332517.6150676;6818251.665740576;7600181.004612422
813.0;0.067479;17375275.49024073;6780717.79878472;7937880.880639911
814.0;0.067562;16356418.27019008;5301209.703349114;8336735.934133018
815.0;0.067645;16603360.41419615;5315796.138815547;8750492.929384992
816.0;0.067728;15489027.93585627;4006214.586345671;9210536.550078824
817.0;0.06781100000000001;15884317.30744356;3906342.684395807;9641360.031838233
818.0;0.06789400000000001;15061349.59378041;2987629.737017935;10042690.48543707
819.0;0.06797700000000001;14832900.92282899;2591177.650041983;10383775.34770746
820.0;0.06806000000000001;14437570.74301542;1978435.103944171;10747232.6128716
821.0;0.06814300000000001;13801762.59664733;1387587.78019578;11061237.57346882
822.0;0.06822600000000001;13563286.61432932;912244.539699511;11359853.52996745
823.0;0.06830900000000001;13005045.39016573;411249.1792557792;11611659.84132345
824.0;0.06839200000000001;12612294.86272198;134997.0683186866;11846277.11517419
825.0;0.06847500000000001;12203249.26760686;522020.0055420683;12068916.58770147
826.0;0.06855800000000001;11752390.11951999;983005.6408774621;12314380.339425
827.0;0.06864100000000001;11230165.07149001;1501905.817832589;12547182.75070048
828.0;0.06872400000000001;10815008.07664309;2035795.446909822;12721529.83628832
829.0;0.06880700000000001;10233979.46279897;2673326.101484123;12938684.77154867
830.0;0.06889;9753140.677285463;3303102.237030108;13131353.12799546
831.0;0.068973;9227505.21047927;3947525.511831457;13284519.09074292
832.0;0.069056;8693178.333465895;4595996.976600496;13498522.17419164
833.0;0.069139;8223873.705745905;5202558.896390907;13613988.23047422
834.0;0.069222;7703336.033445785;5824980.465074581;13804493.27491305
835.0;0.069305;7202508.165923805;6412613.225047315;13903920.72406661
836.0;0.069388;6729171.990329357;6996271.599172705;14071274.56226902
837.0;0.069471;6244049.840578822;7554886.262111059;14182629.41027153
838.0;0.069554;5769003.439605602;8110326.40748199;14304904.40129317
839.0;0.069637;5304432.498062229;8666527.946503589;14439014.58357836
840.0;0.06972;4848529.77322994;9194257.971493052;14510227.23380423
841.0;0.069803;4402232.005056432;9776993.677202439;14751804.43933982
842.0;0.069886;3964121.473695496;10467173.28668487;14856580.02741471
843.0;0.069969;3527758.72065736;11417951.14873338;15467511.56243052
844.0;0.070052;3089835.345668409;12415599.54395351;15643309.57283005
845.0;0.070135;2727898.433974763;13771227.71100359;16725717.10674994
846.0;0.070218;2362035.414937146;14945254.11118688;17095640.2297488
847.0;0.070301;2023451.819165375;16147069.61524859;18110625.48624706
848.0;0.070384;1684528.630070747;17053687.31250177;18384470.5363491
849.0;0.070467;1361944.799562808;18032308.59924374;19011607.28464412
850.0;0.07055;1048588.171278697;18744182.08247709;19157955.02122801
851.0;0.070633;744473.6062340776;19418451.01503478;19416912.8633474
852.0;0.070716;439008.2112595883;19895128.42965131;19332289.82025738
853.0;0.070799;137519.6845816621;20345434.05712902;19314990.87028653
854.0;0.070882;163069.9739941035;20651703.14002838;19056599.68079187
855.0;0.070965;459480.0445937262;20959998.8032254;18879945.42560467
856.0;0.071048;755092.1752392953;21156173.28310265;18511068.18450043
857.0;0.071131;1048826.760935881;21356873.6979252;18209493.88500914
858.0;0.071214;1340761.098152472;21469795.30595728;17764694.01936275
859.0;0.071297;1630711.701020822;21580111.30499434;17361005.42760139
860.0;0.07138;1920442.415720284;21622239.06455465;16856039.50407488
861.0;0.071463;2206906.137862142;21655944.04913518;16402508.22114958
862.0;0.071546;2490290.840459726;21620742.57176146;15830801.55106415
863.0;0.071629;2774158.040280311;21604421.76073302;15366495.85580691
864.0;0.071712;3055540.020591804;21489185.71159407;14704484.26241577
865.0;0.071795;3333869.776773864;21416566.45395412;14223492.69888108
866.0;0.071878;3611444.329443572;21232566.44822854;13497997.4393513
867.0;0.071961;3886052.656447185;21120043.78647114;13054463.92544334
868.0;0.072044;4161446.333339093;20874947.59333806;12286440.90710189
869.0;0.072127;4432953.146227809;20718509.71129753;11810650.83408366
870.0;0.07221;4715428.168374362;20357928.59498112;10908219.08982455
871.0;0.072293;5002279.987939707;20204446.55345694;10541935.01668841
872.0;0.072376;5304795.741733358;19830092.59498838;9625384.33018983
873.0;0.072459;5598156.95344902;19617971.6246186;9210266.31011122
874.0;0.072542;5917556.022928574;19146233.1786492;8155084.210866557
875.0;0.072625;6232645.92282358;18956991.89775857;7910161.597801563
876.0;0.072708;6563602.004235879;18452484.31525826;6812868.384894101
877.0;0.072791;6918346.181750903;18220384.18802021;6525966.507449319
878.0;0.072874;7313092.155505914;17793622.94699158;5616075.478301178
879.0;0.072957;7723545.102351248;17486770.95429615;5143759.389666769
880.0;0.07304;8143045.380012784;17165483.79750708;4439638.459355025
881.0;0.073123;8585453.31706052;16831228.49892614;3850397.171033618
882.0;0.073206;9038988.19287155;16528351.50321082;3230153.259833176
883.0;0.07328899999999999;9456477.683335027;16107621.98956901;2635889.908989513
884.0;0.07337199999999999;9851923.239059793;15735347.41771088;2040699.983384294
885.0;0.07345499999999999;10249445.43491831;15274610.36054709;1455762.608299499
886.0;0.07353799999999999;10584034.91791993;14634650.15010543;879286.0346784247
887.0;0.07362099999999999;10915431.18019492;13963263.34918758;344681.667383689
888.0;0.07370399999999999;11184952.22632201;13329657.88342771;122410.7157524098
889.0;0.07378699999999999;11416229.89009486;12659351.04949014;528345.8425706794
890.0;0.07386999999999999;11678538.63847359;11995579.8472259;896099.9223749612
891.0;0.073953;11940364.89364776;11332040.02867859;1244082.136465601
892.0;0.074036;12194917.03489157;10787917.34101178;1573620.07407025
893.0;0.074119;12456684.98371079;10301046.67708052;1895491.364205862
894.0;0.074202;12726494.96683099;9860234.02401202;2208117.355212288
895.0;0.074285;12959244.15960067;9436507.182598835;2512471.437991885
896.0;0.074368;13205548.98278222;8983688.631822504;2813388.481281299
897.0;0.074451;13419829.2892837;8611953.083907923;3102775.005506665
898.0;0.074534;13654814.24529174;8347817.086038133;3376738.26810179
899.0;0.074617;13894823.50747312;8130629.659090612;3642069.765689547
900.0;0.0747;14148093.72499153;7944591.783698328;3909165.633317932
901.0;0.074783;14557804.22979731;8033223.3880855;4174788.239239394
902.0;0.074866;15196152.85340313;8269366.039953399;4437270.116464861
903.0;0.074949;15966042.01269644;8973996.481069196;4688059.884794751
904.0;0.075032;16626911.87843532;9115776.438379884;4963841.078461987
905.0;0.075115;17445584.78679265;10101172.87370719;5209001.501323566
906.0;0.075198;17747647.26632304;9570577.079192605;5511519.534104652
907.0;0.075281;18295190.6658695;10281794.10418462;5779131.51272476
908.0;0.075364;18200998.47358207;9389288.125486882;6103752.210516065
909.0;0.075447;18354922.11590811;9378851.817480939;6407004.797934272
910.0;0.07553;18007889.78555062;8414129.530261636;6758126.648958541
911.0;0.075613;17979165.83099807;8291988.363420425;7072841.474368531
912.0;0.075696;17492374.29555623;7125346.256763171;7450830.676736586
913.0;0.075779;17387507.4737067;7003663.059964733;7791483.806406417
914.0;0.075862;16736322.8761174;5676990.531151379;8173440.970089338
915.0;0.075945;16680124.44113788;5673071.195433783;8567299.69819674
916.0;0.076028;15850905.00211857;4268089.694067009;9037936.363510018
917.0;0.076111;15839901.7704864;4167576.724174905;9455209.229776597
918.0;0.07619400000000001;15126542.09190323;3187297.106729161;9883265.091502331
919.0;0.07627700000000001;14852374.96237956;2849349.763247184;10226547.83796128
920.0;0.07636000000000001;14566288.58929942;2199650.652490468;10599448.97909449
921.0;0.07644300000000001;13924853.48475667;1642915.428407354;10925063.07115613
922.0;0.07652600000000001;13630468.56634121;1142250.247810137;11222304.30884621
923.0;0.07660900000000001;13078683.82569503;615330.9045728396;11491394.87104815
924.0;0.07669200000000001;12762693.04457044;194272.4858346699;11752430.42172452
925.0;0.07677500000000001;12309409.23359888;343120.1767807826;11989925.53940359
926.0;0.07685800000000001;11847158.25548767;806741.6259102282;12217807.54550895
927.0;0.07694100000000001;11404222.13805201;1308259.527203522;12455355.51525241
928.0;0.07702400000000001;10965891.26921305;1845279.516429506;12642185.39864393
929.0;0.07710700000000001;10431359.60920426;2464826.531993119;12858261.53335397
930.0;0.07719000000000001;9993533.553030355;3077432.428513804;13063385.62495359
931.0;0.07727300000000001;9358321.404757809;3756612.022306166;13231854.95548612
932.0;0.07735600000000001;8970010.784073683;4355814.154699575;13422327.55259891
933.0;0.07743900000000001;8392026.33113233;5008257.008387222;13586802.18150159
934.0;0.07752200000000001;7919315.160985732;5610466.411165381;13741508.78489329
935.0;0.07760500000000001;7432370.926592148;6202280.764401395;13889430.81717652
936.0;0.07768800000000001;6929380.205448008;6788431.729693558;14015517.74942078
937.0;0.077771;6453370.086382295;7349684.786018356;14161333.82929357
938.0;0.077854;5985875.868088913;7898465.634706989;14275390.6788207
939.0;0.077937;5516048.064652912;8448368.014946178;14416042.99310771
940.0;0.07802;5051478.09311721;8987019.31407612;14507915.71560256
941.0;0.078103;4604930.941454817;9548083.238195246;14705151.85324305
942.0;0.078186;4158669.315008216;10194577.02515134;14835952.0551382
943.0;0.078269;3723238.018652735;11081789.3985942;15328978.51816867
944.0;0.078352;3275530.790626376;12049076.60047897;15500620.81596116
945.0;0.078435;2885490.267067996;13378984.18880646;16564452.65083589
946.0;0.078518;2517966.686114739;14590758.42518002;16960778.27016419
947.0;0.078601;2167855.815908569;15807211.77714925;17958988.36732594
948.0;0.078684;1825119.190928493;16749400.14788731;18292855.61566108
949.0;0.078767;1495385.27908821;17788234.15674635;19001556.26032572
950.0;0.07885;1174819.893563639;18522922.02226239;19137325.10193286
951.0;0.078933;868775.0689236496;19252111.99971568;19475214.86610112
952.0;0.079016;562046.9889766817;19733721.57463785;19357123.24824528
953.0;0.079099;259900.8716342082;20235869.01351769;19442529.792859
954.0;0.079182;43167.82897799917;20546663.92266387;19154747.55031161
955.0;0.079265;340266.7716170491;20891344.72802808;19030701.8624867
956.0;0.079348;636481.2112054795;21101265.61915922;18671942.99421938
957.0;0.079431;931020.7972364731;21313264.1993341;18377890.9239069
958.0;0.079514;1223432.503963743;21434554.62725903;17932594.1068989
959.0;0.079597;1514363.095548696;21556013.41032875;17541727.50571408
960.0;0.07968;1804773.726056128;21607905.21864847;17039919.81347158
961.0;0.079763;2092450.955821233;21655825.9308724;16594502.53133587
962.0;0.079846;2377400.466938106;21630667.07492155;16025572.68407616
963.0;0.079929;2660857.23416832;21619208.10247942;15553753.84756535
964.0;0.080012;2942761.438632458;21531325.55549785;14941100.10441468
965.0;0.080095;3222685.460749207;21461754.12558647;14426615.3053959
966.0;0.080178;3500577.077584964;21321132.40649736;13791657.29706741
967.0;0.080261;3775096.844423892;21183018.45102018;13229838.45193319
968.0;0.080344;4051558.988775985;20970893.19501917;12560358.55678117
969.0;0.080427;4324776.834773964;20799109.23304565;12015681.73306883
970.0;0.08051;4605074.299844608;20546798.69612874;11311326.28023204
971.0;0.080593;4887161.755408737;20318747.31796872;10730713.19099403
972.0;0.080676;5188286.655574183;20014526.23210931;9988624.642935177
973.0;0.080759;5480236.650163664;19755544.72882547;9425800.864388963
974.0;0.080842;5784958.159267993;19393729.16121454;8628402.513662664
975.0;0.080925;6109260.175195362;19105773.50259944;8097061.344761387
976.0;0.081008;6437657.952417516;18678280.72057964;7193907.908803304
977.0;0.081091;6772640.774251196;18413562.69617878;6776647.104598311
978.0;0.081174;7160244.503323101;17999248.00976006;5934744.508783117
979.0;0.081257;7570018.566517293;17681790.07384785;5384244.643412932
980.0;0.08134;7984548.65602702;17287031.19318189;4660159.117750843
981.0;0.081423;8410857.642808264;16964011.96334903;4065160.976149078
982.0;0.081506;8863054.163704697;16651371.93046386;3443813.54180343
983.0;0.081589;9304307.261022618;16290652.35130923;2850854.415275489
984.0;0.081672;9713008.553067405;15902526.75882783;2256772.712945885
985.0;0.081755;10116766.96595839;15527086.06658923;1681229.712184053
986.0;0.081838;10466680.07374786;14967863.73784904;1099686.597710402
987.0;0.081921;10806232.43472779;14305313.36333286;550333.4865734357
988.0;0.082004;11097482.34802171;13650266.67428285;65126.16808393363
989.0;0.082087;11344756.30390046;13009036.86418555;365159.4174437145
990.0;0.08216999999999999;11589034.58716727;12333178.98965241;745239.9748880748
991.0;0.08225299999999999;11851991.28499072;11653794.30579954;1100131.453732121
992.0;0.08233599999999999;12105834.91211177;11059845.03036235;1437178.151651391
993.0;0.08241899999999999;12352218.88993802;10545789.62894929;1761056.833733577
994.0;0.08250199999999999;12650187.98126974;10065254.75676459;2079743.395798692
995.0;0.08258499999999999;12882924.75698104;9661438.328237964;2385517.000639447
996.0;0.08266799999999999;13113118.90173775;9146236.62126295;2692796.926346499
997.0;0.08275099999999999;13301327.84350953;8764361.40869762;2983982.799599652
998.0;0.08283399999999999;13585927.30997366;8457126.275980594;3267464.863344994
999.0;0.082917;13774651.61562118;8227511.337209762;3532899.024491411
1000.0;0.083;14080318.31486198;8009448.960099008;3798901.377733769
1001.0;0.083083;14378260.58594177;7980739.745554185;4062201.478826681
1002.0;0.083166;14998815.29455668;8203355.448952257;4329039.536464165
1003.0;0.083249;15680065.24679262;8719498.282616487;4582878.53643453
1004.0;0.083332;16489675.42932722;9244691.930396918;4846926.777144108
1005.0;0.083415;17208806.35620727;9829140.130435424;5104853.667745003
1006.0;0.083498;17755178.82368166;9899436.02908022;5386807.859923658
1007.0;0.083581;18213661.45126056;10212686.13199094;5663124.247000638
1008.0;0.083664;18200150.84540235;9465330.422890924;5984705.483444718
1009.0;0.083747;18425499.30797506;9652735.523446277;6274812.004933858
1010.0;0.08383;18055455.83604671;8531344.158852817;6620633.289180986
1011.0;0.083913;18073528.5400095;8366739.928533899;6943536.705182373
1012.0;0.083996;17311551.51412054;7222474.430781663;7302153.001256364
1013.0;0.084079;17576699.24190716;7084431.192172631;7655264.960058794
1014.0;0.084162;16334201.49477506;5917053.727548975;8021193.683491422
1015.0;0.084245;16921113.96445914;5489884.500973068;8414334.134973727
1016.0;0.084328;16218661.78677924;4906133.268905236;8838175.433096714
1017.0;0.084411;15987413.52677087;4144680.395748124;9293657.734077953
1018.0;0.084494;15621572.43914643;3719964.972576271;9706856.080932632
1019.0;0.084577;15050653.23155542;2867146.856857523;10105655.12132288
1020.0;0.08466;14810019.50320723;2464884.740601303;10459775.7559013
1021.0;0.084743;14190687.77918453;1812590.976652234;10810362.638598
1022.0;0.084826;13917390.69995651;1307003.846187428;11120075.48236815
1023.0;0.084909;13169873.70433662;733316.2241880423;11386044.2484274
1024.0;0.084992;13085255.80308838;340187.6913842725;11659243.45891023
1025.0;0.085075;12395609.54300372;232291.0080858476;11892246.09905257
1026.0;0.08515800000000001;12159273.94221283;615891.8083873601;12123838.54046158
1027.0;0.08524100000000001;11520350.41304711;1125213.369595177;12359905.96797864
1028.0;0.08532400000000001;11276324.95175296;1568114.268809356;12578268.28777859
1029.0;0.08540700000000001;10619846.91826041;2173419.486255849;12762988.00843882
1030.0;0.08549000000000001;10274219.80944292;2742138.118626787;12984754.95804214
1031.0;0.08557300000000001;9663332.378609672;3404469.991461309;13150570.50660653
1032.0;0.08565600000000001;9171292.860424692;4041943.295364309;13333752.64727448
1033.0;0.08573900000000001;8655435.240963329;4676108.094660689;13511177.01060823
1034.0;0.08582200000000001;8136014.0866655;5304088.547722689;13663186.35178058
1035.0;0.08590500000000001;7647465.545265423;5905883.488447323;13816859.77978348
1036.0;0.08598800000000001;7121370.350495513;6499243.268002117;13938073.41428874
1037.0;0.08607100000000001;6658793.580388961;7075830.74190266;14085724.98603893
1038.0;0.08615400000000001;6172000.662869225;7632172.51048325;14206406.76463511
1039.0;0.08623700000000001;5694219.412768995;8183770.017591622;14326038.58354579
1040.0;0.08632000000000001;5222536.660395053;8734076.977659715;14443796.00557988
1041.0;0.08640300000000001;4767674.861169223;9276120.914413324;14574136.76473613
1042.0;0.08648600000000001;4315947.825458711;9850385.007555576;14715006.31760938
1043.0;0.08656900000000001;3881212.172382093;10602583.96085502;14988841.45117765
1044.0;0.086652;3440956.049602602;11542396.18703759;15406649.05361412
1045.0;0.086735;3021301.171756211;12664316.52514301;15964984.73007949
1046.0;0.086818;2659216.32297205;13935641.66414176;16629948.18415478
1047.0;0.086901;2297034.662286048;15184024.63896137;17324082.76618863
1048.0;0.086984;1953767.288404486;16276158.00579544;18028651.11917083
1049.0;0.087067;1619429.999687921;17216872.79203627;18439972.41494074
1050.0;0.08715;1297579.602853596;18164631.13740165;19020342.78809433
1051.0;0.087233;987463.440815605;18855963.30804382;19155276.30877491
1052.0;0.087316;683728.0856943935;19507243.05307222;19386498.52913641
1053.0;0.087399;378651.343303743;19967681.18594036;19294021.94719086
1054.0;0.087482;77574.81324002917;20394185.90196214;19245353.18016407
1055.0;0.087565;223076.3011537804;20684890.58388091;18965836.74623485
1056.0;0.087648;519235.2837190244;20986505.84653824;18789059.33549552
1057.0;0.087731;814774.3049003356;21142797.40923313;18345997.9757452
1058.0;0.087814;1107527.895846645;21374733.01487181;18135164.7732704
1059.0;0.087897;1400761.737771875;21393955.01219646;17475925.67577863
1060.0;0.08798;1688685.435820677;21588062.47343981;17299039.31715529
1061.0;0.088063;1979849.672504033;21582445.14335408;16676219.88234104
1062.0;0.088146;2263757.779618221;21663707.61315477;16344951.78636765
1063.0;0.088229;2549594.929486943;21543998.59555082;15574770.03689716
1064.0;0.088312;2831192.327009378;21569774.69334349;15256092.08891628
1065.0;0.088395;3112732.443970294;21450923.19015136;14588073.16319834
1066.0;0.088478;3390157.437194888;21404502.36222227;14156692.93970676
1067.0;0.088561;3667328.986217812;21253032.50613419;13507280.5729152
1068.0;0.088644;3942124.272739998;21128633.51755327;12994117.13689349
1069.0;0.088727;4217636.143925888;20819261.47916247;12108910.98430244
1070.0;0.08881;4488192.169427309;20703291.08569813;11775492.32450642
1071.0;0.088893;4773703.099206693;20377540.37591655;10951364.78224888
1072.0;0.088976;5060009.934019257;20175635.04634847;10409586.38624948
1073.0;0.089059;5359993.159408315;19887098.94034264;9752516.185448712
1074.0;0.089142;5658154.769629341;19515785.63682061;8951709.765200183
1075.0;0.089225;5975980.42501567;19277938.34194945;8464767.16382757
1076.0;0.089308;6298445.813376502;18862702.14733038;7625954.181218999
1077.0;0.089391;6627262.754254066;18556015.07005475;7081448.623699652
1078.0;0.089474;7002499.577384477;18157216.8238977;6282758.102339143
1079.0;0.089557;7398005.689070777;17830566.32011736;5696147.59447863
1080.0;0.08964;7825122.804218764;17435163.8631037;4970691.560408554
1081.0;0.089723;8240861.285229527;17104520.01270642;4359534.804111516
1082.0;0.089806;8684743.844303664;16755850.96625608;3716267.802110183
1083.0;0.089889;9137096.857120534;16368589.52630225;3092699.159177215
1084.0;0.089972;9546467.804232908;15992125.40956089;2487165.070634126
1085.0;0.090055;9938995.129137645;15611549.66845013;1918838.249001694
1086.0;0.090138;10335195.64101727;15189229.46983143;1344300.29373735
1087.0;0.090221;10658914.04968184;14525856.95814744;772764.9300056024
1088.0;0.090304;10984091.78932232;13866059.18948128;254114.4901185835
1089.0;0.090387;11243487.58886328;13182627.62317318;204764.1842932568
1090.0;0.09047;11475952.86929079;12526630.29083133;599131.4627388321
1091.0;0.090553;11729069.00176674;11847085.88943992;963098.006527116
1092.0;0.090636;11992741.38733687;11204743.16741439;1308533.374639919
1093.0;0.090719;12249130.811899;10650724.69130342;1638755.286278717
1094.0;0.090802;12502657.93748794;10193853.92802363;1957719.121663697
1095.0;0.090885;12784515.09157767;9729536.384254554;2271314.112420126
1096.0;0.090968;12992816.99937459;9328586.487033168;2572817.152849012
1097.0;0.09105099999999999;13242283.23250007;8874105.271606024;2873395.316315697
1098.0;0.09113399999999999;13452632.2925056;8522243.736112766;3159589.287661128
1099.0;0.09121699999999999;13685865.86457499;8252971.450407464;3432993.925713521
1100.0;0.09129999999999999;13968053.59913159;8055456.348537643;3699361.338270394
1101.0;0.09138299999999999;14194209.3914967;7882716.458018971;3965111.090492161
1102.0;0.09146599999999999;14623550.06315063;7953601.450888227;4233275.298486929
1103.0;0.09154899999999999;15246245.59998045;8285621.500966494;4491636.894756041
1104.0;0.09163199999999999;16030388.49625338;8910778.471273515;4749054.274461524
1105.0;0.09171499999999999;16722508.61664591;9261692.781829955;5012273.088044523
1106.0;0.09179799999999999;17457120.59597234;9949374.9558348;5275824.284337359
1107.0;0.091881;17764622.27344057;9609934.745748335;5572476.802988957
1108.0;0.091964;18287229.8045239;10127817.33050711;5847741.135663223
1109.0;0.092047;18134244.55111162;9170880.727469448;6178482.122233373
1110.0;0.09213;18325345.2968444;9270085.423936129;6480977.82491846
1111.0;0.092213;17884740.22793122;8169582.7952994;6831461.70445207
1112.0;0.092296;17856422.84486572;8164496.161489488;7148700.768122438
1113.0;0.092379;17411421.44723831;6829739.010908199;7542149.719867505
1114.0;0.092462;17165344.14507755;6839427.840133919;7871180.56618224
1115.0;0.092545;16730561.5902728;5509432.725447517;8266961.934204343
1116.0;0.092628;16307478.92844123;5378198.530468839;8665273.840404307
1117.0;0.092711;16084085.6306811;4265731.396719096;9140416.275855808
1118.0;0.092794;15496539.82478158;3995924.179900042;9556367.054112304
1119.0;0.092877;15325697.07043461;3194138.89855545;9980485.315666836
1120.0;0.09296;14408308.14488629;2632655.455484925;10314528.4423131
1121.0;0.093043;14603112.82500547;2127716.559391076;10686384.77587739
1122.0;0.093126;13828084.74215398;1531389.738604053;10997244.39070196
1123.0;0.093209;13679005.44595308;1076658.381143532;11292028.70455245
1124.0;0.093292;13060985.14934374;545326.3058873687;11562526.92041514
1125.0;0.093375;12749562.08986511;144800.9485014971;11817083.9138865
1126.0;0.093458;12146350.01526769;452748.6441497357;12051863.38259512
1127.0;0.093541;11890254.25908773;873850.1224573741;12290177.18901188
1128.0;0.093624;11319463.60936845;1416548.778321941;12522209.84089534
1129.0;0.093707;10888661.74995421;1962374.480275735;12712377.36068474
1130.0;0.09379;10370953.28828886;2574831.058467458;12909863.52515643
1131.0;0.093873;9828057.18580265;3224637.445094578;13128235.99201771
1132.0;0.093956;9368874.851199139;3842977.157523313;13278147.77814094
1133.0;0.094039;8848744.840321004;4484658.759060416;13498056.83226542
1134.0;0.09412200000000001;8321229.971186422;5107153.472217155;13612702.87877148
1135.0;0.09420500000000001;7857533.029612302;5711944.991181089;13811174.03608004
1136.0;0.09428800000000001;7345620.6944507;6302860.466440704;13917153.58292264
1137.0;0.09437100000000001;6850265.99349617;6890961.566642956;14087113.31644907
1138.0;0.09445400000000001;6380548.994950777;7440790.825192815;14186832.10307639
1139.0;0.09453700000000001;5909431.352756849;8000172.482946875;14341193.40426386
1140.0;0.09462000000000001;5434910.264191112;8543803.555276468;14434483.20710787
1141.0;0.09470300000000001;4970188.755425543;9098521.753427092;14594077.59878133
1142.0;0.09478600000000001;4516597.24040507;9643391.037611725;14699981.96660185
1143.0;0.09486900000000001;4072868.992977613;10375694.65845878;15001677.30162306
1144.0;0.09495200000000001;3633859.779197333;11262055.73466822;15301839.84695308
1145.0;0.09503500000000001;3194881.663089388;12404565.76125957;16012601.40734579
1146.0;0.09511800000000001;2809427.128517668;13571600.78533487;16328704.82927924
1147.0;0.09520100000000001;2451636.776664728;14963158.7318779;17474294.82689614
1148.0;0.09528400000000001;2090640.083285043;15751314.62473732;17330155.08756737
1149.0;0.09536700000000001;1761228.584637291;16982431.00628988;18663716.33825673
1150.0;0.09545000000000001;1429524.809107239;17858596.40029332;18917738.1871954
1151.0;0.095533;1114262.896616912;18676609.64923403;19309322.98334931
1152.0;0.095616;807451.0801955105;19314313.94309129;19437279.59643234
1153.0;0.095699;503416.5008607329;19811875.84023409;19404324.77635225
1154.0;0.095782;200498.9589218774;20252136.07329598;19338741.50308446
1155.0;0.095865;100279.9138539378;20630660.52079871;19215867.79485276
1156.0;0.095948;397895.2951599445;20907393.32046559;18941520.13509651
1157.0;0.096031;693444.1979022381;21152183.67796106;18664642.5866676
1158.0;0.096114;987639.102571528;21336340.03203085;18315033.21448756
1159.0;0.096197;1279826.9935308;21432135.906703;17821380.22733299
1160.0;0.09628;1569721.78345606;21557907.26654134;17464201.22355627
1161.0;0.096363;1859264.458770137;21627861.74743298;16999347.29115032
1162.0;0.096446;2146011.012548125;21699098.26043876;16612778.54448313
1163.0;0.096529;2430367.757421378;21665862.33658819;16025780.38575013
1164.0;0.096612;2713710.68377273;21669989.88545073;15590981.83214087
1165.0;0.096695;2995395.342086772;21570315.41899088;14953639.449221
1166.0;0.096778;3275824.446840146;21475652.54373981;14387447.1005555
1167.0;0.096861;3551279.773882217;21350121.41431198;13813947.45813469
1168.0;0.096944;3827614.239092774;21180817.20259186;13191905.43056524
1169.0;0.097027;4101994.429651661;20990741.29074785;12575384.27424135
1170.0;0.09711;4374526.769358031;20771901.43686358;11931246.43137953
1171.0;0.097193;4655053.034094837;20531609.42187514;11287975.89542239
1172.0;0.097276;4941786.039875558;20263568.9345652;10618892.01726405
1173.0;0.097359;5242617.797933923;19983461.12477773;9954673.945575092
1174.0;0.097442;5536441.467734124;19670406.72386365;9268219.320899196
1175.0;0.097525;5846903.780230668;19351140.7643268;8604968.023271414
1176.0;0.097608;6168515.800642574;19008479.00298461;7907454.919914671
1177.0;0.097691;6491852.381701963;18646651.3842206;7241326.601688129
1178.0;0.097774;6839348.472635511;18270317.363543;6508188.20400546
1179.0;0.097857;7235006.654982846;17944697.1494177;5899809.567995274
1180.0;0.09794;7646410.290933872;17584108.35117079;5212529.439349279
1181.0;0.098023;8058453.202466915;17237458.69248331;4580140.561155567
1182.0;0.098106;8500172.276303917;16879577.78498156;3934721.306457303
1183.0;0.098189;8947860.462888237;16495279.8816053;3301820.771724617
1184.0;0.098272;9375708.16909662;16151058.76951578;2705080.307250779
1185.0;0.098355;9772342.346865455;15783968.77580792;2133250.740335746
1186.0;0.098438;10177241.12161882;15382041.9468017;1560964.306177383
1187.0;0.098521;10536756.25039791;14891975.60741889;1005551.513669248
1188.0;0.098604;10855672.26310544;14165390.26498722;456771.0177780841
1189.0;0.098687;11149307.74510777;13569390.89967784;29145.52230677593
1190.0;0.09877;11393039.46139918;12862383.02519038;438755.7574337829
1191.0;0.098853;11632550.97873133;12203381.09117657;812041.5617392168
1192.0;0.098936;11895511.35892016;11499787.79441608;1166428.472461032
1193.0;0.099019;12146729.41765404;10916655.69717679;1502110.518516913
1194.0;0.099102;12391165.19154787;10403701.9518418;1826319.955372363
1195.0;0.099185;12697668.1268057;9941855.100945238;2142899.82326101
1196.0;0.099268;12897141.52236502;9521332.654581398;2448071.820506508
1197.0;0.099351;13142503.78542624;9042129.084087484;2753193.85476113
1198.0;0.099434;13349545.93440566;8654911.130418036;3044432.593793397
1199.0;0.099517;13594637.36365712;8355798.785714227;3324159.154469041
1200.0;0.0996;13823611.62044795;8133008.36467218;3590980.821427055
