Time-Step;flow-time;tensao(plano-eletrodos-a);tensao(plano-eletrodos-b);tensao(plano-eletrodos-c)
1.0;8.3e-05;477.3473929004406;-81.7858281059966;-375.6160129396371
2.0;0.000166;481.5290537337979;-76.61181905383036;-385.4515896882869
3.0;0.000249;485.2393208417814;-71.36278334483835;-394.9097845612632
4.0;0.000332;488.4744623525577;-66.04395975795418;-403.9814394624563
5.0;0.000415;491.2314956238855;-60.66037001935363;-412.6574865567052
6.0;0.000498;468.5350720955001;221.7879172081698;-637.9196271778729
7.0;0.000581;505.2530380545068;157.6451175037168;-667.7693662568408
8.0;0.000664;503.418149935097;140.9194001661149;-672.6333360613298
9.0;0.000747;495.7565388118061;103.7242809056813;-637.2790805736546
10.0;0.00083;487.4110578300605;66.72094920853732;-599.8663892546845
11.0;0.000913;476.5205652482036;43.25247650258535;-570.1148021687274
12.0;0.000996;474.8468175910219;24.87159965705107;-560.5322953153218
13.0;0.001079;478.4557621728065;15.33011830920489;-561.6728417291911
14.0;0.001162;481.1517015108397;10.69078970476136;-565.6880289185154
15.0;0.001245;494.7673464346469;8.083637579871144;-587.8173304840747
16.0;0.001328;498.4498695212727;16.64373752309231;-599.236758359453
17.0;0.001411;522.7629521889535;2.099759200300038;-624.0943989000108
18.0;0.001494;519.6215143487658;21.454004749544;-626.4184979683067
19.0;0.001577;553.817959694543;9.581463068704382;-675.7893171145716
20.0;0.00166;548.3847723313503;29.52158410553976;-660.9048998690741
21.0;0.001743;575.6634065869696;7.673424145732691;-694.0255851266509
22.0;0.001826;578.4447892072454;37.37218463079282;-696.2681779319146
23.0;0.001909;601.7464466840447;12.93122020409261;-726.199922145238
24.0;0.001992;604.9104087326868;43.43583718068307;-720.5827400452895
25.0;0.002075;620.5188504315206;22.12382503503339;-745.4263955220603
26.0;0.002158;624.0211297593524;55.41209865253877;-748.468912015322
27.0;0.002241;628.412602797858;48.53688144444855;-761.0233978857763
28.0;0.002324;629.6870566450422;70.7705561761351;-760.8105850735569
29.0;0.002407;626.2136509896806;84.9428634791439;-774.0201620748475
30.0;0.00249;619.6497842306312;103.5115616424066;-761.3569233924276
31.0;0.002573;608.6541835838527;117.1476327097184;-765.1331935777873
32.0;0.002656;596.1658339710924;139.8272535192565;-743.890246235799
33.0;0.002739;580.5003054973135;150.5567056971001;-754.9296135545869
34.0;0.002822;563.5658408852732;178.0936256047296;-712.3521275120255
35.0;0.002905;541.834716653611;173.4077955386623;-717.6122018416514
36.0;0.002988;521.7503567271399;200.2612997128216;-665.901703167026
37.0;0.003071;498.1198221937898;196.4258651173117;-680.3924385920775
38.0;0.003154;473.9899159248405;213.5117436932321;-611.8957904336027
39.0;0.003237;447.9036465806332;208.2695135295546;-615.7813438367638
40.0;0.00332;422.1251884937136;224.951066250879;-561.3515676408598
41.0;0.003403;394.7338518863054;224.5236892639424;-566.7470578057939
42.0;0.003486;365.576178274939;236.6880512126281;-513.2313135365445
43.0;0.003569;334.6684337478096;237.166290470811;-513.9580635628902
44.0;0.003652;301.1782956899287;241.5522656557342;-468.673475659476
45.0;0.003735;267.9781270823167;249.1014126876669;-474.8055764602881
46.0;0.003818;229.3252879293258;246.8986574320798;-428.625833640196
47.0;0.003901;191.3688331811851;253.1309564401829;-431.1541975445037
48.0;0.003984;148.7310438090433;249.4840271901302;-387.4714673477655
49.0;0.004066999999999999;108.8535851792976;261.1526599809715;-397.0889109774878
50.0;0.00415;64.08374729910582;258.1494618855049;-351.6821147935966
51.0;0.004233;22.94395983706491;272.100288826841;-358.5686159414714
52.0;0.004316;-22.06548041039052;272.4955562743842;-316.749527659337
53.0;0.004399;-62.38138099534918;292.4140218513808;-333.2111938561633
54.0;0.004482;-107.6009534676109;292.7405021220411;-286.0830000254479
55.0;0.004565;-148.5675509656414;309.7815203643459;-292.0539990882632
56.0;0.004647999999999999;-192.5599963380755;314.6051881069745;-256.6535349164094
57.0;0.004731;-232.3543014761736;335.6696043437232;-269.7388552219397
58.0;0.004814;-275.8624170134683;340.8306280966188;-232.4821629745251
59.0;0.004897;-316.6316878306827;356.1728317635389;-230.0140993086106
60.0;0.00498;-358.5778254519007;365.1567169478405;-205.9581505321417
61.0;0.005063;-397.9493113783053;382.7724832324029;-209.1426009922906
62.0;0.005146;-438.7369843197399;392.361169911858;-185.8805496614455
63.0;0.005229;-477.6872225150575;406.4195245495378;-178.2659470314285
64.0;0.005312;-516.4885258105128;417.0500127378049;-158.9624175216955
65.0;0.005395;-552.6819247016663;432.8016461602413;-156.6176169034722
66.0;0.005478;-588.4447800637925;443.7372324568228;-138.0225827585555
67.0;0.005561;-621.618994318929;457.32676153917;-129.4971914467015
68.0;0.005644;-651.6373933843943;468.3535029544399;-113.5492376960038
69.0;0.005727;-678.3238849699745;480.9409144599692;-104.0396801102182
70.0;0.00581;-700.9006723647598;492.0465454089478;-89.07195499402245
71.0;0.005893;-717.705039879216;503.7622098021443;-77.44083995129155
72.0;0.005976;-732.1215565584395;513.9602006403924;-62.88210237761954
73.0;0.006059;-742.6948006876954;523.5761294272116;-48.865988162745
74.0;0.006142;-756.709971418168;532.431360988102;-32.93217692657632
75.0;0.006225;-770.8434680886836;539.8688901121476;-16.44016040353713
76.0;0.006308;-788.467665106806;546.3387068166741;0.7221743721797848
77.0;0.006391;-804.507790880531;551.6112055630601;18.23642246162717
78.0;0.006474;-818.6328437251759;554.9459873273817;35.80974844496003
79.0;0.006556999999999999;-829.7531567769606;557.3671934607441;54.94477766305697
80.0;0.00664;-840.7732609395222;558.0088514028541;77.02019570174703
81.0;0.006723;-844.256483501186;557.6759683036727;101.3041056327454
82.0;0.006806;-854.1744728482236;557.7148756568963;127.0369384362223
83.0;0.006889;-854.7640918605765;557.4954328830581;155.4184827870347
84.0;0.006972;-857.7889990355385;555.8260992057947;185.7412173782778
85.0;0.007055;-857.1540067183688;553.8089297642146;219.9661517035801
86.0;0.007138;-856.3081989131576;549.2273541806554;256.9053807954351
87.0;0.007221;-852.9030338275794;540.0258563434386;294.5919115712865
88.0;0.007304;-842.5964757285223;520.9240323859142;331.1726759399714
89.0;0.007386999999999999;-815.293862339328;481.6753904791;363.3586611364772
90.0;0.00747;-764.1791533539665;411.9485833947298;389.041563865518
91.0;0.007553;-704.7009821810603;330.5121922478361;413.1995007164511
92.0;0.007636;-657.6672569697353;272.0151386327179;442.5409928776005
93.0;0.007719;-620.5184388198873;210.1228569542891;472.5890019899246
94.0;0.007802;-593.9455771962266;158.2872638034451;505.0040052730501
95.0;0.007885;-574.8711727587571;120.253053836353;539.9145949802842
96.0;0.007968;-591.8528923586921;96.98283793431632;578.2715215812358
97.0;0.008050999999999999;-572.3865224543728;69.9063935822235;614.9585294880679
98.0;0.008133999999999999;-606.4206175769057;54.35008660889117;654.1561328828928
99.0;0.008216999999999999;-583.7701285395715;24.50715138949618;688.706491527063
100.0;0.0083;-632.8075109996332;14.58008345980271;727.3508352078071
101.0;0.008383;-605.239299656724;-13.52580181046357;759.5606867276643
102.0;0.008466;-655.1554133213101;-19.37950933054974;795.706348710189
103.0;0.008549000000000001;-629.4697205491733;-43.40083262466196;825.4227482874927
104.0;0.008632;-685.7692362145301;-43.99621888855485;859.4851339178975
105.0;0.008715;-656.57708835587;-66.19337341846571;885.3637660545376
106.0;0.008798;-707.0581923220327;-66.44891109721779;914.6573415020908
107.0;0.008881;-681.8029356250057;-86.0504742686827;936.5011446329048
108.0;0.008964;-735.6737362449647;-84.15849796966299;962.0890124634194
109.0;0.009047;-706.0081223154554;-103.9797706849119;978.8703538012555
110.0;0.00913;-749.0618587525686;-104.9295852493873;999.5672126383238
111.0;0.009212999999999999;-726.9723318314499;-122.140256831714;1013.121511261489
112.0;0.009295999999999999;-770.4230472206547;-121.6974560163751;1028.641223041458
113.0;0.009378999999999998;-747.7504382611069;-137.7069177987586;1036.836131071183
114.0;0.009461999999999998;-783.0362177275267;-138.7244112942833;1048.474964328787
115.0;0.009545000000000001;-763.8486759434728;-153.0555176398239;1053.389388163361
116.0;0.009628000000000001;-798.326478479699;-153.2954682689442;1062.485557643087
117.0;0.009711000000000001;-779.1250590828288;-166.2552385208017;1064.983741711968
118.0;0.009794;-806.3927487404509;-167.7489702591714;1069.031473517206
119.0;0.009877;-789.2120022867308;-179.624840568206;1068.261747065958
120.0;0.00996;-810.7722515394724;-181.9228793136045;1067.278262686968
121.0;0.010043;-799.1272260930753;-191.8245937011973;1063.413319428633
122.0;0.010126;-808.6224004011547;-196.4330841347452;1058.500242688132
123.0;0.010209;-804.5842726166366;-204.366688917391;1052.022490212392
124.0;0.010292;-803.1148330217985;-211.8035918369227;1045.478078499696
125.0;0.010375;-801.6771432552904;-219.2403054580085;1037.043028967946
126.0;0.010458;-796.1325014729449;-226.918939408834;1025.878320755673
127.0;0.010541;-790.2382252370119;-234.5069665740096;1013.195836810304
128.0;0.010624;-780.9978023708679;-242.4506082779716;999.4312578571569
129.0;0.010707;-771.038724039918;-249.484979967761;983.0659079967164
130.0;0.01079;-758.115922510798;-253.7126267831493;959.2431660199818
131.0;0.010873;-739.2803656775669;-252.298525407185;922.0192804219438
132.0;0.010956;-717.5986909054551;-246.1517971430738;873.484935697563
133.0;0.011039;-691.6142650370203;-237.8696989931682;821.0568878047804
134.0;0.011122;-667.3935160065874;-228.1261224140153;770.3177822334632
135.0;0.011205;-637.5158095518074;-218.7053073975815;723.0875752909976
136.0;0.011288;-609.0408797711334;-210.1993634486034;685.3665424316224
137.0;0.011371;-580.2173758412717;-206.3919243080902;662.5042390260625
138.0;0.011454;-548.7079521671849;-198.9047190099646;629.5817286376456
139.0;0.011537;-516.9124869214394;-198.0093275647853;606.7627414446036
140.0;0.01162;-482.652937491659;-197.6324304440322;579.0127405284651
141.0;0.011703;-450.2229020463572;-211.0566755730952;574.5142080348652
142.0;0.011786;-414.4571990899274;-218.8733128432505;548.0604539705446
143.0;0.011869;-378.6033325629482;-229.9606364231421;541.6789507632128
144.0;0.011952;-339.9006878963124;-236.3771354960892;509.3942592656607
145.0;0.012035;-301.2132834613033;-247.3287921054464;512.3139969053293
146.0;0.012118;-258.6609740492312;-245.8711080317902;470.3447105457798
147.0;0.012201;-217.3302751585309;-253.1692850617345;469.3050876725144
148.0;0.012284;-172.5052086030694;-250.1336579646907;429.1465634619318
149.0;0.012367;-128.9391325897223;-254.7517778707943;432.6345697297681
150.0;0.01245;-82.09059989791653;-249.2864218497194;390.4857729533794
151.0;0.012533;-37.33033066065699;-253.9448745625281;390.4544854082415
152.0;0.012616;9.181961895657022;-252.9954688587901;353.6524463924529
153.0;0.012699;53.21720317301717;-263.0039379961634;357.7694691799738
154.0;0.012782;99.22262474295002;-265.1868782216071;321.2185629810396
155.0;0.012865;143.0014986906525;-276.2698384349551;320.3540826906446
156.0;0.012948;187.8310495734062;-282.7326913002673;292.7974114031136
157.0;0.013031;230.4783624489125;-297.2219514444336;296.8934634631036
158.0;0.013114;274.5282756328788;-304.8684022557263;268.5610532994216
159.0;0.013197;316.9849978484308;-317.6026001127384;264.4481924699824
160.0;0.01328;360.2151253675677;-326.4110454205929;241.4721528053071
161.0;0.013363;401.5146484773231;-340.9504751164089;242.4543263026202
162.0;0.013446;443.6142073111204;-349.9836279182154;218.8214398695479
163.0;0.013529;483.8920140810454;-363.0439821473715;213.9193809810097
164.0;0.013612;524.5621042147862;-372.7948379882847;194.0793558064185
165.0;0.013695;563.5475847134144;-385.8862617638551;189.3701537406354
166.0;0.013778;602.247936958712;-396.4081529690114;171.7161510534332
167.0;0.013861;639.8860348649836;-408.8830382036955;163.6081767539367
168.0;0.013944;675.762101611732;-419.9284363618152;148.642583244599
169.0;0.014027;710.2378977855386;-431.6127360264484;136.7757974229547
170.0;0.01411;743.05845147016;-442.7743687575461;122.9121903072183
171.0;0.014193;773.939156028331;-454.3358654113023;109.0965695654673
172.0;0.014276;803.2040212725852;-466.7226114310018;95.47001810896391
173.0;0.014359;829.7778704675954;-477.1281924838339;79.24363849413064
174.0;0.014442;854.5079525406569;-485.7800058501847;63.08907248991462
175.0;0.014525;877.1028186153409;-495.90738222419;45.33643076714382
176.0;0.014608;898.2625140908208;-501.1761420428266;27.56308815618784
177.0;0.014691;915.440860693167;-509.0324738392443;9.386597426792925
178.0;0.014774;931.5560369625659;-510.4271671723321;-11.11895753186407
179.0;0.014857;945.4377983515238;-516.5356175758054;-33.34677924512153
180.0;0.01494;957.2193647068048;-516.8561531361431;-56.80667756059584
181.0;0.015023;967.2352197917846;-525.9149208388714;-81.16365137893199
182.0;0.015106;976.2566233893982;-527.8723460985577;-107.4653349560484
183.0;0.015189;981.7942603048984;-545.2663763583879;-136.3616853486852
184.0;0.015272;987.0053655985838;-557.4396672108207;-168.4493502959624
185.0;0.015355;990.593828246332;-578.0734079253045;-205.2490322263588
186.0;0.015438;992.9221875817311;-591.2024230160839;-244.8795498499201
187.0;0.015521;995.9493423579282;-609.1029111928235;-286.6872896554358
188.0;0.015604;996.4158277894069;-620.9382624135668;-329.142878543685
189.0;0.015687;994.4855340548313;-629.9355073108609;-371.5745685996554
190.0;0.01577;991.9987471845271;-632.0474339058196;-413.4236736097413
191.0;0.015853;988.9201624891189;-635.2150600862833;-455.4598929960054
192.0;0.015936;983.7270306101107;-631.5811312309331;-496.6475815804314
193.0;0.016019;979.1607678601295;-632.3247951656524;-538.2287618133649
194.0;0.016102;973.6012840802726;-623.3682609454012;-578.3841456158304
195.0;0.016185;968.8868256199868;-608.6793318891938;-617.6566356961558
196.0;0.016268;953.2864807224114;-581.8046319679506;-655.2728874585353
197.0;0.016351;937.8601757785685;-550.9698026881765;-691.6144409712643
198.0;0.016434;934.5290187444649;-518.7224852818257;-725.552019858789
199.0;0.016517;897.453497980295;-460.7634641735258;-753.4283775498606
200.0;0.0166;860.7601828890673;-389.2799912887663;-778.073238352475
201.0;0.016683;805.5221373779035;-306.046160779114;-798.779598303618
202.0;0.016766;770.1092044671;-234.3724466418484;-821.077364890821
203.0;0.016849;737.2055003512078;-152.427187746954;-840.2210876508003
204.0;0.016932;719.4714022412487;-118.2340507486625;-866.0627307630642
205.0;0.017015;716.5875888566868;-70.38708885975056;-888.2765975626081
206.0;0.017098;712.7101828163921;-59.66799792253784;-914.464118376385
207.0;0.017181;734.2133796636875;-33.6065719361551;-936.8653868628184
208.0;0.017264;731.0190948092766;-27.33088847603091;-959.381539974169
209.0;0.017347;759.7629877474171;-9.572432994372464;-978.2703718486931
210.0;0.01743;752.5781921851185;0.9301852119485841;-994.9469749139142
211.0;0.017513;785.5913340129349;11.42281924799255;-1010.825734770921
212.0;0.017596;775.7431356946377;27.26414710635514;-1022.589039420646
213.0;0.017679;805.589563553512;36.16140437468186;-1034.959999644004
214.0;0.017762;797.8850065895697;55.87743585777885;-1043.22682380788
215.0;0.017845;817.7001131637809;68.37906145648131;-1051.966419585113
216.0;0.017928;822.0810957384678;92.10783463647876;-1058.367773163704
217.0;0.018011;825.6765349060175;109.6149632081432;-1064.540844903956
218.0;0.018094;834.0142646984875;132.6753909549531;-1071.023193742685
219.0;0.018177;831.9126480127335;157.4543061099081;-1074.491918502948
220.0;0.01826;838.7664541856814;182.0858587656254;-1075.938770535495
221.0;0.018343;836.924197689595;208.6701102978288;-1075.077479892496
222.0;0.018426;836.3387410110292;235.5448726582918;-1071.985775886433
223.0;0.018509;831.5643159433248;262.2604060085968;-1066.403979830727
224.0;0.018592;829.8225340099735;285.2044744709932;-1061.482220012402
225.0;0.018675;826.6635453731998;303.3706890762583;-1055.918388898066
226.0;0.018758;822.224310824437;317.5441226720254;-1051.500331316111
227.0;0.018841;817.7300253219055;328.9374737560086;-1045.20393226075
228.0;0.018924;809.975809554344;339.6688123959048;-1038.95674941823
229.0;0.019007;801.6023387194422;349.953131691693;-1030.692341575088
230.0;0.01909;790.5060099335317;360.4550291578943;-1022.433346639471
231.0;0.019173;779.862696008671;370.6211278303109;-1012.603053280985
232.0;0.019256;763.5113491527796;381.4513323584602;-1002.321044627277
233.0;0.019339;747.2873801659705;391.5092735439548;-989.6466675288073
234.0;0.019422;728.53163858983;402.0118828950227;-976.0986671568863
235.0;0.019505;707.2315277585568;412.017144931643;-961.2276489313869
236.0;0.019588;683.2174933275536;420.80516826933;-944.4261219505198
237.0;0.019671;656.927870111437;428.7746848625145;-925.7779357810953
238.0;0.019754;627.483341979979;433.5517798258669;-903.8318887446045
239.0;0.019837;592.4745377681925;426.8537145418473;-870.4653844408788
240.0;0.01992;553.5354684984338;409.5674589736514;-827.2619155586476
241.0;0.020003;511.8092865997819;384.9536794415115;-778.0235198263736
242.0;0.020086;467.6949696095718;351.8581358580045;-724.4485959801071
243.0;0.020169;421.5651482487211;314.7709472749313;-667.1692072502033
244.0;0.020252;375.2067499899263;285.647470459021;-612.6449126306685
245.0;0.020335;329.5090632379088;264.4604816174328;-564.2851816134768
246.0;0.020418;283.607282391312;247.3099787861248;-521.9144804257568
247.0;0.020501;237.6830403808688;235.8952185051729;-489.4200705622389
248.0;0.020584;191.7062399127536;229.4661208801203;-457.8653811607684
249.0;0.020667;147.4756242618011;232.697439281341;-445.4394772859874
250.0;0.02075;101.4927838695613;231.500775890458;-408.6331416303107
251.0;0.020833;56.95633004158758;238.0773415038586;-397.5181286940475
252.0;0.020916;11.17064829249592;240.5358808986568;-365.1198624759172
253.0;0.020999;-32.12552291687037;254.0590885792157;-368.0761830461036
254.0;0.021082;-77.91286446169995;257.1511115474159;-330.4828101343185
255.0;0.021165;-121.7251265646056;268.7515251700297;-325.0342314661515
256.0;0.021248;-166.6268896260454;275.0695723717752;-296.7376930577078
257.0;0.021331;-209.3887156942369;289.2455561260659;-296.9581383281016
258.0;0.021414;-253.7277612079938;296.4416853450082;-268.2381085391921
259.0;0.021497;-296.2531031522698;309.63784197389;-261.7027333880231
260.0;0.02158;-339.584344870095;318.2740878928587;-236.2495968684742
261.0;0.021663;-380.7806913781399;334.0146843214458;-234.7597019077646
262.0;0.021746;-422.944901038327;343.889939970308;-209.7302102251026
263.0;0.021829;-463.2378917841179;359.447251508155;-204.6872956823465
264.0;0.021912;-504.1776833389802;370.1890184138882;-180.7748638756187
265.0;0.021995;-542.9129106395656;385.9438200500358;-175.1924832110124
266.0;0.022078;-581.890416036857;398.0559398265963;-154.7094396546118
267.0;0.022161;-618.7894365501127;413.9319376874358;-146.6669240828835
268.0;0.022244;-654.8432568251534;427.3565040419023;-129.2709813699051
269.0;0.022327;-688.3995102017483;441.958027859187;-117.3341708355825
270.0;0.02241;-721.5975785281296;455.6542832112107;-102.2318937148171
271.0;0.022493;-752.6918657480013;469.275371847455;-87.72938721271758
272.0;0.022576;-781.0636849769376;482.5110146254422;-72.09060920441974
273.0;0.022659;-808.2765177698897;494.7773955694116;-56.55215813134022
274.0;0.022742;-832.7307361482908;505.8289126784783;-40.12987268085862
275.0;0.022825;-854.9750754682422;515.7508970131316;-22.87590518553505
276.0;0.022908;-875.576392333303;525.506806557657;-6.239412202939418
277.0;0.022991;-893.9286278180181;533.9412958238275;11.29969054982249
278.0;0.023074;-910.701988400171;535.1990745968405;29.04470149722718
279.0;0.023157;-924.2195944006683;542.8562258131997;48.65450041594289
280.0;0.02324;-937.3054095201859;548.5643020194375;68.87169008797554
281.0;0.023323;-948.3066020480076;555.2954680392146;90.65848856101299
282.0;0.023406;-957.7982531719551;560.5223268110062;112.4546599353336
283.0;0.023489;-964.8608009494671;576.1056828330427;136.6410643964731
284.0;0.023572;-969.6809395195793;594.0908273388236;161.8337000865141
285.0;0.023655;-975.133063127797;611.640345789366;193.6239587741179
286.0;0.023738;-979.2570520608327;631.3587922659951;230.5124140025473
287.0;0.023821;-982.6541823678077;649.0533248667799;271.007842382093
288.0;0.023904;-984.3173553202843;664.8058825091051;313.6779004755865
289.0;0.023987;-983.6479055138558;677.0769719736759;357.032440769339
290.0;0.02407;-981.951497262063;681.9545230141171;399.8931864698623
291.0;0.024153;-979.8809053892884;685.6450828882782;442.7328239067857
292.0;0.024236;-977.1637400812682;681.1848980191187;484.5736515261742
293.0;0.024319;-973.9144675446163;679.1836341426826;526.824523412388
294.0;0.024402;-970.6451446372172;667.4000911408001;567.7066986015761
295.0;0.024485;-965.6651661639802;651.4635461070986;607.8106900830797
296.0;0.024568;-962.2277327402986;626.2887221821784;646.6038617857578
297.0;0.024651;-954.7836032110636;597.4401805337948;684.1173134917645
298.0;0.024734;-946.9300648481467;560.023189486076;719.0092959117015
299.0;0.024817;-919.409743516034;502.296429158834;748.6469034259134
300.0;0.0249;-884.6487652998744;425.641611939621;773.8749637688786
301.0;0.024983;-838.9058093637142;335.756806148956;794.9735832118633
302.0;0.025066;-800.5139071184589;252.62072692731;816.6974595995628
303.0;0.025149;-765.7530168235197;179.4429822791707;838.6085963457837
304.0;0.025232;-749.9811972227407;128.2527057241859;863.336723191325
305.0;0.025315;-744.046200404607;89.16609216960038;887.976345567365
306.0;0.025398;-743.3107293342946;58.71245130682662;913.1058571142053
307.0;0.025481;-750.1473895024536;39.7968675918776;937.6550931871259
308.0;0.025564;-756.7093650712139;23.03652542630483;960.5939042780172
309.0;0.025647;-770.146669960541;4.841540738345044;981.9320967581439
310.0;0.02573;-780.4203065187589;-3.770823383899642;1001.245832474072
311.0;0.025813;-795.5617791435517;-25.54434773780067;1017.21658554838
312.0;0.025896;-801.175881930948;-26.68997483072293;1034.061913462494
313.0;0.025979;-821.0732194619422;-52.53404529909965;1044.599527183191
314.0;0.026062;-820.2219979284376;-54.52139476620425;1057.975608077949
315.0;0.026145;-837.7153779939716;-81.96312400571627;1065.502764282695
316.0;0.026228;-840.3760591724478;-91.91025827644557;1074.616502249829
317.0;0.026311;-851.6310868901619;-115.164336362638;1081.380684778654
318.0;0.026394;-855.2676331911705;-134.0200320205071;1089.122576862455
319.0;0.026477;-859.5242875159413;-156.8944492149293;1092.517766041635
320.0;0.02656;-859.416567960305;-180.3465705980706;1096.036102751422
321.0;0.026643;-862.735834005022;-204.7347801272198;1095.610490992324
322.0;0.026726;-860.9125953280758;-230.2080842381739;1092.667748749757
323.0;0.026809;-860.3867505369273;-256.1678525696108;1088.489557612344
324.0;0.026892;-856.3063377740793;-281.3615521918325;1083.328125526556
325.0;0.026975;-853.9188928034671;-303.0086039321722;1077.711967397104
326.0;0.027058;-847.9017952505917;-320.6831496104455;1072.822430095428
327.0;0.027141;-844.0947953352713;-334.2515457505864;1067.851092422024
328.0;0.027224;-835.7894346409485;-346.5898354663456;1058.972268200104
329.0;0.027307;-829.3096400096175;-357.8225720134512;1053.200553174097
330.0;0.02739;-816.5797623746697;-369.5785281611997;1044.993600672261
331.0;0.027473;-806.5565917388774;-380.5304924583206;1035.150400758251
332.0;0.027556;-790.6540345726156;-392.6442504618315;1026.080920369317
333.0;0.027639;-774.3796072210913;-404.8971682314292;1013.058362524677
334.0;0.027722;-755.4529981560725;-417.1883678685028;1001.28775822821
335.0;0.027805;-734.215516892568;-429.4781977737129;985.8948361109091
336.0;0.027888;-710.7195307418654;-441.7949617509524;971.232069485258
337.0;0.027971;-684.6459044238369;-453.5633071682074;953.4715181851741
338.0;0.028054;-656.1655313064323;-463.9472903577119;934.7308853102446
339.0;0.028137;-625.4412902091981;-473.5749771911518;913.9260651948241
340.0;0.02822;-589.8512303905187;-471.3254490876191;883.955303334291
341.0;0.028303;-549.5647773153862;-456.2387343687437;842.5332082353337
342.0;0.028386;-505.6628297776119;-429.5598640469942;792.5767805877983
343.0;0.028469;-458.2043183710007;-391.5425435842843;735.2622444465346
344.0;0.028552;-408.5838452078364;-349.6388944384802;673.7490605818401
345.0;0.028635;-359.6711659273454;-317.110011834629;613.1034307961331
346.0;0.028718;-311.7530684794884;-294.1445392514551;560.6124159867858
347.0;0.028801;-263.5452036031526;-274.6830926048777;517.9179476370423
348.0;0.028884;-214.7099869390339;-256.7021906158486;471.6241397362647
349.0;0.028967;-167.5094789065443;-248.3790549810735;439.3083998695294
350.0;0.02905;-120.596873015794;-243.7728130041433;404.8931924193113
351.0;0.029133;-75.23998574267581;-247.2192152477537;387.1305018066274
352.0;0.029216;-29.33127106401003;-249.6355251617144;358.1972483925274
353.0;0.029299;15.40551282747681;-257.8062475137432;344.8068442266111
354.0;0.029382;60.63665111876638;-263.8354422761394;319.6277830908733
355.0;0.029465;104.6231389266754;-275.2409300853225;309.9571359064718
356.0;0.029548;149.3937824777778;-282.7859990291719;285.1661293871339
357.0;0.029631;192.8060664206224;-295.3207757070618;275.8796247878703
358.0;0.029714;236.7144655096562;-304.4053835145647;253.640828886848
359.0;0.029797;279.6221947464929;-316.743009172194;241.4051160771952
360.0;0.02988;322.6672603897164;-328.0059581443083;223.9355324284422
361.0;0.029963;364.9397776582322;-339.9251530791632;207.0725552583623
362.0;0.030046;406.2295559079896;-354.5772097247512;198.2627698927338
363.0;0.030129;447.7257933675162;-365.2478242602617;174.7273762546051
364.0;0.030212;487.5886581508828;-381.1828403934038;169.354258803032
365.0;0.030295;527.6917682876812;-393.6911056544295;149.466531263622
366.0;0.030378;565.7361064282885;-410.7331257041673;144.3703438458255
367.0;0.030461;603.8972885170385;-423.7024019008478;124.6085455299819
368.0;0.030544;640.119519240028;-439.9423116209758;116.8792524251046
369.0;0.030627;675.3204145712409;-453.5834117313497;100.3123829887771
370.0;0.03071;707.9665117658733;-469.0940156461719;89.2897789789403
371.0;0.030793;740.4582756878567;-483.0335736345329;74.27932873971044
372.0;0.030876;770.6449659296366;-497.3459353541671;61.04266692368103
373.0;0.030959;797.763230961148;-512.6668584485607;47.0849370759969
374.0;0.031042;823.8949621078798;-524.6989304950503;31.15917583010232
375.0;0.031125;848.2370308043403;-532.7734294333313;13.70487817038023
376.0;0.031208;869.6735227225497;-542.9203920238206;-3.911192050570963
377.0;0.031291;889.8781600916499;-550.1737836376623;-21.31306669980468
378.0;0.031374;908.0502127038292;-554.2387921047552;-39.13157541433371
379.0;0.031457;923.1801359161311;-560.7887302776079;-56.90240013084118
380.0;0.03154;935.7525846795751;-566.6673383597898;-76.32684877018008
381.0;0.031623;947.664600618074;-574.1041068943085;-96.58843979845186
382.0;0.031706;957.9622636929371;-578.4375503852053;-117.5752010783814
383.0;0.031789;965.2536430141702;-589.3030435181315;-138.9564937290408
384.0;0.031872;971.7882080260697;-608.7863567407722;-163.4568716964995
385.0;0.031955;974.712983330165;-627.4919272324166;-189.8630565323932
386.0;0.032038;979.4951861370448;-645.0152682601602;-223.2321245543093
387.0;0.032121;983.6033702426788;-662.0148320300984;-261.4957168383349
388.0;0.032204;986.401903427809;-677.9091280190883;-302.6846481421678
389.0;0.032287;987.3383554952574;-688.8286361819901;-345.3792053826409
390.0;0.03237;987.4254523133607;-695.1876743261071;-388.1951999965889
391.0;0.032453;986.266834234236;-697.2312435023008;-430.6534058961578
392.0;0.032536;983.2440776076868;-696.0571503514858;-472.9826721215535
393.0;0.032619;981.0826349081376;-688.6290419860054;-514.4102934019697
394.0;0.032702;977.8502108194515;-682.1853673846224;-556.013830460529
395.0;0.032785;975.007414353393;-666.9648799851775;-596.3546651650252
396.0;0.032868;971.6420033545174;-645.7099406344753;-635.6935337295164
397.0;0.032951;967.200933025391;-619.1880835742521;-674.0769947590621
398.0;0.033034;961.4525457948696;-588.1660412554415;-711.0135900241045
399.0;0.033117;953.0934798385525;-550.9193619373384;-745.5543418303032
400.0;0.0332;928.7856502962011;-494.7227675083862;-774.9057420881218
401.0;0.033283;895.071856711366;-419.6449569672401;-799.2802201252337
402.0;0.033366;852.2601295845087;-330.8508260117587;-820.0626901906727
403.0;0.03344900000000001;815.8168708478415;-248.9736650272658;-840.6584304162578
404.0;0.03353200000000001;780.9737662110501;-175.114275384034;-861.571095630993
405.0;0.03361500000000001;765.1084781213922;-123.5076209067722;-884.6419422832465
406.0;0.03369800000000001;758.2012843985444;-81.18629289611165;-908.2643231149061
407.0;0.03378100000000001;753.5827987864965;-49.55004157138129;-931.7188083800851
408.0;0.03386400000000001;760.3406268863874;-28.3305855517087;-955.1347632576204
409.0;0.033947;768.1275266516411;-12.05177899903038;-977.2060080127877
410.0;0.03403;784.1183067128167;5.039514104231119;-997.2108488079195
411.0;0.034113;790.1966192449902;14.52044657020938;-1015.153463920641
412.0;0.034196;808.5199662617945;35.8262565435134;-1029.772636137882
413.0;0.034279;810.8194310723966;38.87562533766575;-1045.118592327197
414.0;0.034362;831.2978505887787;63.38271073574455;-1055.925413389772
415.0;0.034445;831.9992080125917;68.5313018046403;-1067.991128386607
416.0;0.034528;846.0896012585125;93.41060961899701;-1074.721398424495
417.0;0.034611;852.8239987990648;105.9957923827827;-1083.779994712856
418.0;0.034694;857.9152718516596;128.5912224763037;-1090.22415439127
419.0;0.034777;863.8605128509882;148.142297389561;-1095.492955634129
420.0;0.03486;863.3353704608891;171.611344456367;-1099.260040971106
421.0;0.034943;868.0922744639445;194.7377292424819;-1100.06492230896
422.0;0.035026;865.9461070660769;219.4812557489694;-1098.587815061696
423.0;0.035109;865.1548898716874;245.0693471849412;-1094.530661034728
424.0;0.035192;860.9173830796587;271.8609002735975;-1089.084227509107
425.0;0.035275;858.3283399691655;296.9037983913953;-1084.627336089813
426.0;0.035358;852.7612672873602;319.3521422537246;-1077.79294175566
427.0;0.035441;847.2839343166991;337.2029698180558;-1072.630288662855
428.0;0.035524;840.4421537610853;351.6576486451626;-1067.473752150431
429.0;0.035607;832.9195784968016;364.0542545956803;-1058.448781016458
430.0;0.03569;822.9353054687691;375.6566899613476;-1052.427545036396
431.0;0.035773;812.6668093775253;387.2607586368694;-1043.820427469275
432.0;0.035856;798.7780719023588;399.2241957155256;-1032.735124483931
433.0;0.035939;783.7882436553681;411.3791998385071;-1023.909419973739
434.0;0.036022;766.4667205143094;423.6780826800272;-1010.502772863565
435.0;0.036105;746.4883836433572;436.3100957518814;-998.280379884741
436.0;0.036188;723.9157564261925;449.122934764919;-982.9704861346237
437.0;0.036271;698.9596789608765;461.5010905314225;-967.0571031238021
438.0;0.036354;671.7413880514033;473.2952087170198;-949.6112584228088
439.0;0.036437;642.3516227285585;484.0862502335078;-930.1607053603226
440.0;0.03652;610.2830469901909;491.756605728508;-908.0109442357581
441.0;0.036603;573.3712103379986;487.1151251258501;-876.0277656921754
442.0;0.036686;531.651641358347;469.4694056925906;-833.5540100761749
443.0;0.036769;486.0091319400237;438.6913097735948;-781.0449526334801
444.0;0.036852;436.8460651605381;396.7541608966555;-721.4227612319323
445.0;0.036935;386.1245471739812;354.1378513722156;-657.2810185386323
446.0;0.037018;336.3298550943053;322.2795332613621;-595.4580848352804
447.0;0.037101;286.9093497571797;296.919096323776;-540.9837673146233
448.0;0.037184;237.6746963031088;276.6874626588853;-498.5926060703636
449.0;0.037267;188.9498840874462;261.6661921311336;-454.4358677541929
450.0;0.03735;141.8941872600237;256.0841137590991;-424.0055458232318
451.0;0.037433;95.04028436960978;253.1867399689596;-390.0310032665769
452.0;0.037516;49.52858003337831;257.0793417297648;-370.9372106690137
453.0;0.037599;3.442368280486855;259.4678180162239;-340.7848679074569
454.0;0.037682;-41.19170388140279;268.2945293491665;-327.8198678364942
455.0;0.037765;-86.39946659762795;274.4530901430223;-302.5776508040485
456.0;0.037848;-130.3632784404045;285.8012172030543;-291.8484357912066
457.0;0.03793100000000001;-174.8273914829749;294.3963555443346;-269.1496081437913
458.0;0.03801400000000001;-218.2720902597517;306.2212139397844;-256.5916612876504
459.0;0.03809700000000001;-261.6919849620477;316.6594374661607;-237.6155164895973
460.0;0.03818000000000001;-304.7098497033667;328.3482014599189;-221.2890003934428
461.0;0.03826300000000001;-346.9312769449125;341.919857829224;-209.5556091021168
462.0;0.03834600000000001;-389.2062427567201;352.6331548827408;-186.7437172788153
463.0;0.038429;-429.8367767376958;368.4999873325726;-180.9642879514217
464.0;0.038512;-470.8818658945144;380.3836485764303;-159.3676143510468
465.0;0.038595;-510.386811280064;396.4525947496841;-152.4025362443525
466.0;0.038678;-549.8322310329105;409.6111912228096;-132.6711158310726
467.0;0.038761;-587.2672346463946;427.5757902315428;-127.7826682768067
468.0;0.038844;-624.9184484133566;440.678577083782;-107.925997843365
469.0;0.038927;-660.1478675643009;456.3466223068032;-98.86715316683508
470.0;0.03901;-694.5309502723659;470.2824404843331;-82.86363593112681
471.0;0.039093;-726.7729756487246;485.0182260253327;-70.21444269942039
472.0;0.039176;-757.7857236164606;498.952186429516;-55.5089717434674
473.0;0.039259;-785.9659684298641;513.7549248067025;-41.61194180628228
474.0;0.039342;-812.5411720091138;529.0638478065396;-27.474533677833
475.0;0.039425;-837.8716781913138;540.5547962395409;-10.94605751519191
476.0;0.039508;-860.4361559956476;548.4741578585223;6.373831449225153
477.0;0.039591;-880.302303175062;559.7739230682985;24.03561881591548
478.0;0.039674;-899.9079604308981;561.4379371798166;42.05615393484017
479.0;0.039757;-916.5596628290597;568.4964808890227;59.91329751359469
480.0;0.03984;-929.697250651167;572.132940682348;78.66853909974539
481.0;0.039923;-941.7147708918855;581.9220441879779;97.958060830588
482.0;0.040006;-953.163173151936;584.4977347972743;118.5624455217233
483.0;0.040089;-961.0294322113928;595.1294117985192;138.7935156761058
484.0;0.040172;-968.1862772481811;611.5463308150793;160.9567317808475
485.0;0.040255;-971.6317924488321;632.4215664133012;184.0661893554003
486.0;0.040338;-975.2858291023692;648.1643832766405;214.0622236851456
487.0;0.040421;-980.0070045669934;667.0052874998462;249.4069494700915
488.0;0.040504;-983.7370473354312;681.4395707817125;288.7169518893634
489.0;0.040587;-985.6968656258003;697.4217832307556;330.7639272583742
490.0;0.04067;-985.9702420761663;704.546891510655;373.1464311301959
491.0;0.040753;-985.0063882290078;705.9419732986006;415.4394654015739
492.0;0.040836;-983.2989614619203;705.9155516851133;457.5718768995523
493.0;0.040919;-980.4702226585708;697.4211078053318;498.7938795355662
494.0;0.041002;-978.0185237525769;692.6497867029996;540.4520101050721
495.0;0.041085;-975.160233958529;677.6627765964744;580.8187117874843
496.0;0.041168;-973.4967985723878;660.03324452694;620.549452905602
497.0;0.041251;-968.670317198088;634.2726428077323;659.3960124567783
498.0;0.041334;-965.3229357570483;604.067381062794;696.6015305770898
499.0;0.041417;-957.0992288060245;570.1688111579881;732.0966453990902
500.0;0.0415;-945.6641922390784;526.6874411671452;764.4440810848066
501.0;0.041583;-914.5269342875089;460.640298483973;791.2117458306448
502.0;0.041666;-904.1475437475395;404.9526680387681;818.0662222901062
503.0;0.041749;-836.0266862217103;296.4362787841276;834.8171009577918
504.0;0.041832;-842.0758517995272;256.3534473568859;861.8253181719722
505.0;0.041915;-786.2390879391078;154.5875661769496;877.007206054405
506.0;0.041998;-783.0503529500131;128.2205600033981;903.4083093639388
507.0;0.042081;-761.0666254931522;63.50672483467903;921.6568463211996
508.0;0.042164;-767.8829456861988;59.56890408841241;948.3668738616911
509.0;0.042247;-781.3437834548889;16.64175055674531;966.9976211391166
510.0;0.04233;-780.563827782477;17.87762595969663;990.7275487098558
511.0;0.042413;-815.210332441845;0.9164023200705073;1008.429554769114
512.0;0.042496;-800.0882916646158;-8.537673204149707;1025.745341152082
513.0;0.042579;-835.4042200208978;-27.38561237746546;1039.405097415209
514.0;0.04266200000000001;-826.0452010082482;-33.33527653054415;1053.296954475373
515.0;0.04274500000000001;-853.9172258488132;-58.14393446609348;1062.891005800191
516.0;0.042828;-849.1794378082085;-57.97485505942421;1074.201965152995
517.0;0.042911;-870.8641943160715;-89.60853495479203;1080.566230350012
518.0;0.042994;-869.2072902143993;-99.70245902283412;1088.01711256097
519.0;0.043077;-874.5023180740998;-126.6453329877472;1095.313832493519
520.0;0.04316;-881.4072683068731;-149.4422917302461;1099.040922200359
521.0;0.043243;-882.4881353504733;-174.4518805667281;1101.633992137368
522.0;0.043326;-883.5954938507155;-200.726025921964;1100.936961331013
523.0;0.043409;-881.4313977486742;-228.1776083781039;1098.017684872898
524.0;0.043492;-880.3367481476938;-255.3755129753801;1092.79783973722
525.0;0.043575;-872.6054432858955;-282.3199230239632;1087.645928214711
526.0;0.043658;-865.029276675659;-305.8089367717824;1082.839081977954
527.0;0.043741;-866.478388213024;-322.947226233474;1077.527752421402
528.0;0.043824;-849.9561061982477;-339.4593448312034;1071.140369176461
529.0;0.043907;-846.137243562264;-351.6869494932357;1064.959527503798
530.0;0.04399;-832.061994389001;-364.6014542691677;1056.610278602984
531.0;0.044073;-823.0557610895696;-376.4284522571591;1048.778013797005
532.0;0.044156;-809.7603302400835;-388.7374884667378;1039.400242165256
533.0;0.044239;-792.0160381800364;-401.8060079692164;1028.295794967978
534.0;0.044322;-774.9168008998166;-414.4716725486811;1016.916375150802
535.0;0.044405;-754.6075887089605;-427.8859886123645;1003.356391105777
536.0;0.044488;-731.7989987743507;-440.9307556823783;989.8494508875574
537.0;0.044571;-707.3376680835014;-453.5522062677071;972.7214892114309
538.0;0.044654;-681.1865423847984;-465.4781746397683;956.991336324532
539.0;0.044737;-652.3331633567703;-475.8467874101602;935.8571662342141
540.0;0.04482;-620.5483661995361;-481.4378385118452;914.6540910159306
541.0;0.044903;-583.240933926189;-473.8294526703826;876.252863993236
542.0;0.04498600000000001;-542.0771036337485;-454.6327413648777;839.5278425246292
543.0;0.045069;-496.443060339273;-420.9822538042387;776.1595867072592
544.0;0.045152;-450.8017870740504;-388.7909396876094;754.23782472485
545.0;0.045235;-400.4748631614451;-345.1877559575778;649.0294001969619
546.0;0.045318;-352.8192749803447;-319.9410077519473;607.8342955630688
547.0;0.045401;-303.2557609352285;-291.0863834256999;541.4723240063261
548.0;0.045484;-254.5563679252266;-271.8756597608972;500.4460950674659
549.0;0.045567;-205.6419290339676;-256.3420425031525;455.4495400785615
550.0;0.04565;-158.5346153170518;-250.381309557009;426.8222744308853
551.0;0.045733;-111.7386517252211;-247.1705036623996;395.9777609408974
552.0;0.045816;-66.25286373581557;-250.634377617015;377.1064418775626
553.0;0.045899;-20.64530143102392;-254.5324382116978;353.0305334285533
554.0;0.045982;23.99554406955691;-263.0087240706741;339.5503214241955
555.0;0.046065;68.76730089196883;-270.9342201645515;319.5661221193529
556.0;0.046148;112.8521361451161;-281.8497023615032;306.9836674444599
557.0;0.046231;156.9579026688582;-291.9505127349508;289.846548503084
558.0;0.046314;200.2683633317375;-304.4432302174567;278.8256748230373
559.0;0.046397;243.3659315094394;-316.4649547778765;264.6613567082446
560.0;0.04648;285.9043098266257;-330.0445590767661;253.4213499174635
561.0;0.046563;328.1887515298717;-343.9532762463809;242.1703068832657
562.0;0.046646;370.0849372023411;-356.3812077458293;225.2055085128972
563.0;0.046729;410.8738274837012;-372.0031324572097;218.8364000727142
564.0;0.046812;452.018347192011;-383.7737427645918;199.2439666602948
565.0;0.046895;491.6896612015167;-399.9792907203615;194.172103216445
566.0;0.04697800000000001;531.1357378059848;-413.1636984210587;177.9364535213072
567.0;0.04706100000000001;569.4684274047875;-428.2534038014101;168.8552612313416
568.0;0.04714400000000001;607.3922406027043;-441.4671421760103;152.766530147253
569.0;0.04722700000000001;643.0308437962358;-457.4288249351154;146.3941604451836
570.0;0.04731;678.0126384030991;-469.9537098481177;126.4602205685507
571.0;0.047393;709.7171583888049;-487.393689023247;126.3758347076955
572.0;0.047476;742.5167843190926;-497.4384231781557;95.38548707961245
573.0;0.047559;769.9755183017652;-518.6079376036135;112.1797405739016
574.0;0.047642;799.4307339647532;-524.3383100366067;61.73846733124899
575.0;0.047725;824.5120308053313;-538.3404426797179;61.59972706410053
576.0;0.047808;847.6796061872712;-548.2641467065409;33.9576347551554
577.0;0.047891;868.4950462231735;-558.2890388780024;23.79767154194291
578.0;0.047974;887.5926746482307;-565.9077435190734;0.4357718303818717
579.0;0.048057;905.120708046993;-571.5832231572458;-16.9190681641942
580.0;0.04814;919.830355064299;-574.8102890962426;-38.85463619694092
581.0;0.048223;933.1902585586696;-577.7917536229774;-60.51121217427823
582.0;0.048306;944.7528703883189;-583.1918327108375;-84.51488773173651
583.0;0.048389;954.7505602818187;-585.6929050401777;-107.6790009959566
584.0;0.048472;963.2635095260229;-594.951691065488;-132.505414337618
585.0;0.048555;969.845637357134;-606.2402310669215;-160.5185225088004
586.0;0.048638;972.8447243434248;-629.1154346159732;-192.0780074347562
587.0;0.048721;979.5129684389092;-640.9021562075025;-227.9140549435356
588.0;0.048804;984.3260090345517;-656.5706079416651;-267.8608906491872
589.0;0.048887;987.2497880494699;-673.8840720379143;-310.3926692001492
590.0;0.04897;987.0211763420048;-685.4116488008683;-353.4271449405636
591.0;0.049053;986.6985389299366;-690.1424509899583;-396.2746305205585
592.0;0.049136;986.1118689975765;-692.7064178353451;-438.8992681927135
593.0;0.049219;981.2664342837711;-689.0755809576045;-480.901699822143
594.0;0.049302;981.909628785379;-684.50714032236;-522.8668361438814
595.0;0.049385;976.432255959274;-678.9742289935292;-564.6488325093325
596.0;0.049468;976.6129039211787;-661.8052192090819;-604.656458366702
597.0;0.049551;969.1995300794052;-638.7097423534955;-643.7590445868018
598.0;0.049634;968.5230348964435;-611.1978118037638;-681.9066578678079
599.0;0.049717;955.5325829973634;-577.9037942905092;-717.9362013636121
600.0;0.0498;941.902411018805;-522.4866252348315;-748.2625077497147
601.0;0.049883;898.9685526628496;-456.3471601312768;-775.4729705771773
602.0;0.049966;868.0537420496155;-360.4291627692667;-796.1763341301792
603.0;0.050049;828.1786130480826;-315.2797219885588;-824.2913680682453
604.0;0.050132;801.0038446489349;-197.5449657892064;-839.2300344380089
605.0;0.050215;774.8404288245009;-181.2780931033547;-870.0373462905711
606.0;0.050298;763.1268534543466;-92.43945513254273;-886.5449940270236
607.0;0.050381;767.2716930670427;-104.9420103722319;-919.3265722806701
608.0;0.050464;765.1337814928731;-45.9096629986613;-937.6219878927863
609.0;0.050547;777.0773421576845;-52.97085919279006;-965.4016896833115
610.0;0.05063;780.7779733975615;-8.992621399777486;-982.4913531252405
611.0;0.050713;797.5207997010639;-29.20467843715529;-1007.932877075773
612.0;0.050796;811.3952635610854;17.34200803813712;-1020.074352620241
613.0;0.050879;822.0957474764723;-1.020202223688148;-1040.682372025694
614.0;0.050962;830.2822084409119;39.48308528225897;-1054.014576082971
615.0;0.051045;845.1311528866281;31.42460298978839;-1064.569861768492
616.0;0.051128;859.436849323742;71.46583587430887;-1070.391418100353
617.0;0.051211;861.8882843363523;70.81501980236929;-1081.037587150145
618.0;0.05129400000000001;874.8945830926848;102.0010267588367;-1087.532657158759
619.0;0.05137700000000001;872.9005090718229;118.3932913147705;-1094.661120258816
620.0;0.05146000000000001;895.1548659318514;140.0233569038647;-1098.980848363396
621.0;0.05154300000000001;873.9809290349513;167.1737398667952;-1102.40706709197
622.0;0.05162600000000001;889.1323288403346;191.3975756910766;-1103.399619734132
623.0;0.051709;870.2813002965518;221.0157658861137;-1100.41763351686
624.0;0.051792;883.8789230737563;245.4489264812158;-1097.514964872081
625.0;0.051875;865.5175015078416;273.716139535273;-1091.737039805636
626.0;0.051958;870.9251178897966;294.5415112129289;-1086.109915460956
627.0;0.052041;860.3498467315853;314.0285196309175;-1082.371913311316
628.0;0.052124;853.6204872646964;329.7184507881824;-1076.283670679788
629.0;0.052207;846.7965821841427;343.2558002238521;-1068.735105319973
630.0;0.05229;840.3201598285783;355.5241978586936;-1062.398749386578
631.0;0.052373;824.2992434044594;369.4566773636547;-1052.980582649115
632.0;0.052456;815.6947570220415;381.4236483337932;-1045.042923874116
633.0;0.052539;797.674818920544;395.2122058958253;-1033.998936243761
634.0;0.052622;780.827646833408;408.2889217660379;-1022.293352776321
635.0;0.052705;761.4095805259959;421.9294377055859;-1011.168430562664
636.0;0.052788;740.4721616657748;435.5335494367334;-995.3503330860508
637.0;0.052871;716.5206943331335;448.7801668692811;-982.945438969662
638.0;0.052954;691.4478625027291;461.2430976878961;-961.6523204753214
639.0;0.053037;663.9071085871142;473.3565120666473;-950.3301080901571
640.0;0.05312;633.9189745428125;482.5824769956278;-921.380849535354
641.0;0.053203;599.8431396500066;484.269438078317;-903.3686483337052
642.0;0.053286;560.3205078257635;470.4690983770939;-852.1042366272092
643.0;0.053369;517.8905550324048;448.1408377026044;-824.6352902278303
644.0;0.053452;469.7469548757692;406.3212537118673;-741.2156167114425
645.0;0.053535;421.9114142478971;368.9633791198872;-704.3209079733751
646.0;0.053618;371.9696235474021;332.8487412344206;-616.7873510983665
647.0;0.053701;324.4436066706533;310.2702056351977;-580.5176271324316
648.0;0.053784;274.0655014427512;280.7789454524319;-511.0119663544486
649.0;0.053867;226.0141122431737;267.4254442487716;-481.7198473641521
650.0;0.05395;177.2427253588332;253.5964605257566;-432.8686685313204
651.0;0.054033;130.9183868239071;251.6328203186443;-410.9496967455096
652.0;0.054116;84.47654327277725;250.4486556079554;-381.1521065511873
653.0;0.054199;39.24757737473963;255.5163016391039;-364.3566902515502
654.0;0.054282;-6.136730114446522;260.6463432579176;-341.9675264643036
655.0;0.054365;-50.57046314850909;270.1040501391971;-329.3971173723421
656.0;0.054448;-95.25419216542136;278.3037639041679;-309.6325945520959
657.0;0.054531;-138.9855992684002;290.2678025163456;-299.3518407454421
658.0;0.054614;-182.9130694756159;300.6205997250786;-281.5911355117532
659.0;0.054697;-225.7977964887708;314.0503495130782;-272.7885133371178
660.0;0.05478;-268.9199200624706;325.39057257838;-255.8528660082215
661.0;0.054863;-311.18246299193;339.5055726298435;-247.2810210826472
662.0;0.054946;-353.4261222131113;351.6581876627031;-230.6616430022327
663.0;0.055029;-394.637555194169;366.3240809910554;-222.1623487789852
664.0;0.055112;-435.7156187976909;379.1368843443779;-207.0488040427025
665.0;0.055195;-475.8217500294851;394.0985663562854;-198.9203810663182
666.0;0.055278;-515.6776732692879;407.7611740634291;-183.431693988775
667.0;0.055361;-554.2449970218712;422.6649491783987;-175.1234632328188
668.0;0.055444;-592.4107012804319;436.7273956057806;-158.771408143186
669.0;0.055527;-629.0349499601657;451.102138751258;-149.2463619465501
670.0;0.05561;-664.5389869673103;464.2097679099374;-132.64991601227
671.0;0.055693;-697.286025173268;479.9768165740658;-125.8522536627786
672.0;0.05577600000000001;-730.4710864497255;491.5461441590988;-103.5855375209088
673.0;0.05585900000000001;-760.5304589238795;507.4658305255678;-99.51251385785159
674.0;0.05594200000000001;-789.0142051624769;517.8368919484697;-72.73274071263884
675.0;0.05602500000000001;-814.9060913075044;533.1745453895555;-68.98319791431264
676.0;0.05610800000000001;-839.4308545792369;542.6594841615348;-42.07127517674704
677.0;0.056191;-860.633012971635;554.1977698332769;-32.23676802347151
678.0;0.056274;-880.7734989744474;563.6733809030369;-9.196814628062357
679.0;0.056357;-898.5965128242098;570.9519765378038;7.314637982035217
680.0;0.05644;-914.5960449415985;576.2094631775051;29.54078096552779
681.0;0.056523;-926.8428524284576;583.1461857526921;50.30528982910101
682.0;0.056606;-939.7470449013751;585.1241487105166;73.65502322723975
683.0;0.056689;-951.1072839913733;587.7296158317613;96.44440079981038
684.0;0.056772;-960.1971884367927;590.2950186232041;122.2481727476718
685.0;0.056855;-967.2711261156611;604.1123315926895;148.886563229133
686.0;0.056938;-971.9977158945154;617.1455923214121;179.050984813284
687.0;0.057021;-976.8684685672948;638.5474860109338;213.4904820450767
688.0;0.057104;-982.7008954873837;648.8531483745303;251.6894623644519
689.0;0.057187;-987.0586404336619;668.8111337149511;293.576128484361
690.0;0.05727;-987.2390244405354;681.7540018149327;336.4469234717797
691.0;0.057353;-987.0144439093183;692.2128242540707;379.6754521826417
692.0;0.057436;-986.8306446161105;693.0406351303114;422.0939976650519
693.0;0.057519;-984.9034364006119;695.3955022146097;464.7461885324926
694.0;0.057602;-979.8814785419553;686.5034055472345;506.084643236655
695.0;0.057685;-979.9216061028588;686.3752492259969;548.5486759529892
696.0;0.057768;-975.0144415108679;671.8397978800018;589.0523093411512
697.0;0.057851;-976.7328671077371;652.6957163094535;628.6778665612694
698.0;0.057934;-965.8737211288942;625.6901983203322;667.0601997088374
699.0;0.058017;-964.3941557589353;596.4952071319374;704.4964416638209
700.0;0.0581;-948.7637854047797;552.6684557911475;737.8020847020767
701.0;0.058183;-924.8625878610734;497.0904385671105;767.0518087827137
702.0;0.058266;-883.2957514400894;408.9665035783455;789.7523999535463
703.0;0.058349;-855.8451904844533;345.1435769621956;815.1876406568831
704.0;0.058432;-809.0235524523197;235.7940305138957;831.509086153378
705.0;0.058515;-810.6209959235437;231.4589237707993;865.0329701692818
706.0;0.058598;-765.7481414969185;116.3681407035276;877.5624121919051
707.0;0.058681;-805.256059024493;152.7122662671081;915.5022562975695
708.0;0.058764;-745.904459634179;51.52423153053486;926.6260270133
709.0;0.058847;-809.418103223835;88.85226271806422;960.8954648875135
710.0;0.05893;-756.6521308251305;13.28030240155641;972.5742928098693
711.0;0.059013;-794.3421035923233;29.93759452582009;998.6899119090065
712.0;0.059096;-792.2916659934891;-13.10681758864721;1011.563131145736
713.0;0.059179;-808.019088549395;4.919219708985778;1032.678907743954
714.0;0.059262;-824.437495484093;-42.31786099102393;1041.013654433333
715.0;0.059345;-827.9570615039004;-23.0375915445365;1059.029354781338
716.0;0.059428;-848.8960631766895;-68.9585007308729;1064.410394133651
717.0;0.059511;-849.3578352485312;-60.37003883171347;1076.831237067922
718.0;0.059594;-866.0989830300812;-97.14294815098685;1081.619366329338
719.0;0.059677;-874.4477899412009;-110.3001463750854;1089.285974961974
720.0;0.05976;-867.2846107716553;-137.6361832897326;1094.055283882415
721.0;0.059843;-882.5496029661606;-158.2357157898659;1100.024552209208
722.0;0.059926;-876.3796641956204;-183.1600437744943;1101.470592816053
723.0;0.06000900000000001;-879.7179719158152;-208.4784840774783;1100.16525646215
724.0;0.06009200000000001;-872.225611526106;-236.2271045750811;1096.849920088195
725.0;0.06017500000000001;-873.1876337465393;-262.2992649058309;1091.40539262056
726.0;0.06025800000000001;-867.5728681100205;-287.9178107372426;1085.820159524065
727.0;0.06034100000000001;-862.6777419894847;-309.3617334135014;1081.271356790253
728.0;0.06042400000000001;-856.8443633340163;-326.6693850690244;1076.54825573834
729.0;0.06050700000000001;-846.0057844776701;-341.6495723016103;1068.36869312684
730.0;0.06059;-846.7851835204912;-352.4543671974216;1063.352915203203
731.0;0.060673;-828.4527417317285;-366.1299981019373;1054.041300263771
732.0;0.060756;-820.0593835035048;-377.6347282437704;1046.548450787774
733.0;0.060839;-805.0657627128235;-390.1691226444993;1036.312244349559
734.0;0.060922;-787.8335272039072;-402.6799963934497;1026.147674982493
735.0;0.061005;-769.7718868545309;-415.4501401239843;1014.22104025414
736.0;0.061088;-749.793674182691;-428.3996151387634;1000.725452995358
737.0;0.061171;-726.5094429522106;-441.9019900124513;987.0094678436546
738.0;0.061254;-701.8420227572075;-454.1167765654954;969.8561772353102
739.0;0.061337;-675.3256917742217;-466.3265905585765;953.9050727705868
740.0;0.06142;-646.4246693347916;-476.4092378143184;931.7958734174183
741.0;0.061503;-614.3865142542347;-482.2237692390837;910.5692051665144
742.0;0.061586;-576.5939991358023;-473.9464880202892;870.9751811072382
743.0;0.061669;-535.1237372444944;-454.6197340989291;834.2121849654346
744.0;0.061752;-488.9143291590155;-420.3380823359002;769.800799210425
745.0;0.061835;-441.3203909569107;-382.4051361608533;727.7604593686797
746.0;0.061918;-391.3506811163655;-341.3902276561951;640.7046365303182
747.0;0.062001;-344.2020363051307;-319.2673317180145;604.5623885008878
748.0;0.062084;-294.0388420578753;-289.1558346588466;531.9691030555211
749.0;0.062167;-246.1181658336118;-273.8022125595921;501.2005154435879
750.0;0.06225;-196.9336730404567;-257.709673244154;449.071022038738
751.0;0.062333;-150.6963860972788;-256.1400869909564;429.720638036974
752.0;0.062416;-103.5160300164914;-251.6222360461939;393.6153597299111
753.0;0.062499;-57.67790518234572;-253.7521166957987;372.3325026775134
754.0;0.062582;-12.15018787200027;-257.9758265276571;350.6509361738881
755.0;0.062665;32.69849734244539;-265.6115646297037;334.879719351732
756.0;0.062748;77.3865459918635;-273.7846880290616;317.0939128159195
757.0;0.062831;121.5663941371259;-284.2634415005047;303.2328780124617
758.0;0.062914;165.4693720103702;-294.9656389442777;287.93970602191
759.0;0.062997;208.8080967427107;-307.0312690395054;275.736977329308
760.0;0.06308;251.8198891936851;-318.9360766407278;261.4981900193249
761.0;0.063163;294.4771444521867;-332.1218022872571;250.241429751271
762.0;0.063246;336.8465059158231;-344.9891680395571;236.5716312087693
763.0;0.063329;378.224608527242;-359.3314005108768;226.6755682599825
764.0;0.063412;419.3913700138423;-372.6587420626139;212.7282563106047
765.0;0.063495;459.7603596146156;-387.29443174415;203.3057592653315
766.0;0.063578;499.8284740326185;-401.3867006441284;188.953763796778
767.0;0.063661;538.839225817783;-415.7979952529942;179.217128627369
768.0;0.063744;577.0920254937063;-430.525283427914;164.8307035104604
769.0;0.063827;614.6002352075201;-444.4684148277149;153.521499130605
770.0;0.06391;650.4460424868944;-458.1613158956777;138.9490846293696
771.0;0.063993;684.7477760981283;-472.4204169091903;127.7712904044935
772.0;0.064076;717.4210723826769;-485.6448118525612;111.4969889979349
773.0;0.064159;748.8430570735952;-500.2791862449424;100.8210787090272
774.0;0.064242;777.6982270618566;-512.5395477582038;81.9813124621954
775.0;0.064325;804.3611832758168;-528.0670514941496;73.77083231549213
776.0;0.06440799999999999;829.8476328374966;-538.5897227127955;50.07984934584391
777.0;0.064491;852.2258882812155;-550.0540129174033;38.91547374153451
778.0;0.064574;872.8849270363581;-559.0190554603549;17.48917929336772
779.0;0.064657;891.1369576709257;-566.7390936470753;0.08938982324552688
780.0;0.06474;908.0013706521219;-573.9004311695076;-20.62313538046433
781.0;0.064823;921.6647623664971;-577.5170815869944;-41.87443394177961
782.0;0.064906;934.7996313832158;-578.8740198148545;-64.29144236579118
783.0;0.064989;946.1648136594742;-583.7478348184628;-88.76984308278101
784.0;0.065072;955.5308488424643;-590.3885295813019;-112.6934233414971
785.0;0.065155;964.6265615397888;-591.9667600882175;-138.8069386793951
786.0;0.065238;971.1015567885429;-604.1487090475878;-167.6807476648296
787.0;0.065321;974.4408495719246;-625.9700072228517;-199.9791313324255
788.0;0.065404;980.7110747037028;-639.2261997888301;-236.4018454250748
789.0;0.065487;985.3329301531121;-654.7375928863835;-276.6751256051008
790.0;0.06557;988.3540331650437;-670.3735270901067;-319.0841981311394
791.0;0.065653;987.81587058447;-683.2366802439441;-362.1108766174254
792.0;0.065736;987.499795960172;-689.8030070303963;-404.982513685288
793.0;0.065819;985.6589029521;-689.6500888144101;-447.2202642726866
794.0;0.065902;982.315211683563;-688.9816517252178;-489.4183143292737
795.0;0.065985;980.4173329064923;-679.6639672587353;-530.6754229827833
796.0;0.066068;977.2876740997623;-677.0951087249713;-572.6821627186775
797.0;0.066151;976.6237307886945;-659.0828584845494;-612.5243621610996
798.0;0.066234;970.0506565895759;-637.8471959091986;-651.8445205045932
799.0;0.066317;965.8907489286455;-609.7573192881702;-689.5513817468473
800.0;0.0664;959.8862602471806;-579.5154082675656;-725.8907681199994
801.0;0.066483;942.1955173079987;-527.0744472653222;-756.6901276443466
802.0;0.066566;910.7028721446546;-465.1131218076061;-784.5086966711924
803.0;0.066649;875.1242444094704;-372.8432771788081;-805.3771540014864
804.0;0.066732;842.6461879151807;-316.1426518974592;-831.5091849668852
805.0;0.066815;816.8772932942461;-212.2719181527534;-848.2378267629884
806.0;0.066898;785.5860633293851;-195.6764762273794;-878.3337599994437
807.0;0.066981;769.9138557004712;-97.52937772165912;-892.6676929101683
808.0;0.067064;768.2022523024085;-99.57913400554038;-923.1968785090319
809.0;0.067147;752.7686213334242;-37.09768260998361;-940.0941910564861
810.0;0.06723;782.5741425921445;-57.08857503562484;-969.5131030480239
811.0;0.067313;771.9972827086314;-3.451652806571525;-984.6313908834542
812.0;0.067396;806.8358127483532;-30.89239872353225;-1010.437604947769
813.0;0.067479;797.5081505795914;23.23250487171372;-1020.471664690892
814.0;0.067562;849.1431043828857;-13.03702127476723;-1043.872424428795
815.0;0.067645;821.8743103642383;43.93512647501451;-1048.704589406924
816.0;0.067728;877.1352785637606;20.33725335012026;-1067.17700912721
817.0;0.06781100000000001;833.6903648546499;68.82928398180849;-1069.929638552301
818.0;0.06789400000000001;868.0925257724517;70.36848178614927;-1080.337802134668
819.0;0.06797700000000001;862.0249127597809;102.5839530251238;-1086.178165184027
820.0;0.06806000000000001;864.8506601937421;122.0265564730039;-1092.723357174474
821.0;0.06814300000000001;882.5409427819824;143.4627022954143;-1097.26025656674
822.0;0.06822600000000001;870.8721677506429;169.5698637980299;-1099.989326662794
823.0;0.06830900000000001;879.6565707372864;194.7324868434114;-1100.374091508545
824.0;0.06839200000000001;874.7919871459216;222.147613702545;-1098.077683209585
825.0;0.06847500000000001;869.7578443761472;250.531412255249;-1094.246942767952
826.0;0.06855800000000001;866.0158769742782;277.3310268928452;-1087.770793626389
827.0;0.06864100000000001;865.0777886663267;300.6855156904764;-1081.845338460925
828.0;0.06872400000000001;854.6173221851361;321.4790600177005;-1078.543958140868
829.0;0.06880700000000001;853.1393060233414;336.3094258824036;-1070.84048256954
830.0;0.06889;843.3186939698757;350.3746270100988;-1064.049486509962
831.0;0.068973;834.4008564746969;362.8617875902967;-1058.272712955841
832.0;0.069056;824.6416100091903;375.1312990072793;-1047.484253289985
833.0;0.069139;808.5143755488928;388.1901998197575;-1041.608768523775
834.0;0.069222;794.9325192438919;400.5541075590517;-1028.889680873671
835.0;0.069305;778.0387835053498;413.4527137459716;-1019.611718602854
836.0;0.069388;756.946512083229;426.3243471494788;-1005.215521969525
837.0;0.069471;736.044196191749;439.4717237960481;-992.576679881848
838.0;0.069554;712.3981704243569;452.082406510458;-976.8520448411591
839.0;0.069637;686.4650518682048;463.6117908162199;-959.0645187765604
840.0;0.06972;658.6584927022701;475.3871115651526;-944.2220461699002
841.0;0.069803;628.2139394286182;483.5754274841494;-916.4923171406709
842.0;0.069886;593.0086263556517;482.3782993732889;-896.3501439709271
843.0;0.069969;552.7643222531804;466.3243228808705;-842.6747375793728
844.0;0.070052;509.8508513455176;442.6243938901371;-816.6969393696928
845.0;0.070135;461.2065537178581;400.1192721805679;-731.1359638086844
846.0;0.070218;413.2129328896606;362.9348108206499;-692.1172650973634
847.0;0.070301;363.2802661822387;327.4918645147323;-607.742408010246
848.0;0.070384;315.3933141577999;304.9906803426832;-569.7382038872041
849.0;0.070467;265.3790962074704;278.634345186287;-507.2006764758281
850.0;0.07055;217.2141542902097;265.3161495517724;-473.7576565232519
851.0;0.070633;168.7395281253243;253.9677488846761;-430.9556398579493
852.0;0.070716;122.3713284829417;252.3073538134441;-408.1812400474977
853.0;0.070799;75.91757216314318;251.4996753150898;-378.6057309990941
854.0;0.070882;30.80036150810778;257.3342266876758;-363.0011889405809
855.0;0.070965;-14.68674515046847;262.1590039453804;-339.7914441572404
856.0;0.071048;-59.10122348845957;271.713731802577;-327.2021923964044
857.0;0.071131;-103.7589746603458;279.9143504342687;-307.7811231683018
858.0;0.071214;-147.5641125783825;291.5335403408926;-296.1762080940823
859.0;0.071297;-191.3943066869186;302.0801447967507;-279.5427376159424
860.0;0.07138;-234.3892196474677;314.8567584446448;-269.1824314210319
861.0;0.071463;-277.3602037653704;326.8752968705408;-253.8252303493766
862.0;0.071546;-319.6133612639987;341.033923385907;-245.0182087193672
863.0;0.071629;-361.6967966640231;353.0714216117626;-227.6825264550242
864.0;0.071712;-402.6014427997753;368.7278118712663;-222.50335507884
865.0;0.071795;-443.7639175208195;381.0681590466121;-203.6150389279152
866.0;0.071878;-483.379107160681;397.5014790031721;-200.5586033838108
867.0;0.071961;-523.3757541528523;409.4089791740487;-177.5069915019934
868.0;0.072044;-561.4683478436218;426.1999102262344;-175.6980614472676
869.0;0.072127;-600.1006843933768;437.4626639247874;-152.7922893252398
870.0;0.07221;-635.0500168898297;457.9768838648578;-157.6311823349893
871.0;0.072293;-671.1250397215532;466.7896112811822;-125.0445209844192
872.0;0.072376;-703.0609533034005;485.0440930822781;-129.0378526661556
873.0;0.072459;-736.2981160558725;494.3793574246549;-97.83599612673692
874.0;0.072542;-764.15115941888;515.235053999672;-109.3926667032518
875.0;0.072625;-793.8626840358447;521.4606216781397;-64.78128110624068
876.0;0.072708;-818.0722802575735;541.2900057382869;-77.7483889509874
877.0;0.072791;-842.8066517397463;547.2766618943353;-34.67618197274903
878.0;0.072874;-863.2286411544502;560.3368186155551;-33.93507177632107
879.0;0.072957;-883.2844205174915;567.0253434545923;-2.644052583003278
880.0;0.07304;-901.3420048741207;571.2291748714182;12.32987499934191
881.0;0.073123;-915.8498586488398;575.9187750811168;35.9863974755935
882.0;0.073206;-929.9265672015133;576.2556789184041;56.9890303652253
883.0;0.07328899999999999;-941.5702629734113;583.3291487119394;81.04939932990546
884.0;0.07337199999999999;-952.5311559127382;585.0816023098702;104.2019911321699
885.0;0.07345499999999999;-960.6608686397576;591.5466750991736;128.8949885374935
886.0;0.07353799999999999;-966.535648208059;608.8804090595875;155.9391767441042
887.0;0.07362099999999999;-970.585285711771;627.3543147889515;186.1244342724593
888.0;0.07370399999999999;-976.8166774283741;641.9210287195144;220.8574457593404
889.0;0.07378699999999999;-982.9668917629137;658.1453733135131;259.9045311890221
890.0;0.07386999999999999;-985.0745013287047;673.455313720522;301.8032187356853
891.0;0.073953;-985.0113971253422;687.4568368329423;344.9071421984883
892.0;0.074036;-984.8848107031743;693.3540557937794;387.7441233794572
893.0;0.074119;-983.7149777450115;695.2902616526164;430.2677031677949
894.0;0.074202;-980.674021608822;692.9068302157098;472.4514638841837
895.0;0.074285;-979.0331436328759;686.4622280341962;514.1149061230404
896.0;0.074368;-974.5598243241383;680.4682956144059;555.844175222312
897.0;0.074451;-972.8297822341757;667.5109303969788;596.4978375905541
898.0;0.074534;-969.267607322295;645.2509192599473;635.8071204261679
899.0;0.074617;-965.0437627450482;618.5160420181592;674.1451970857204
900.0;0.0747;-958.4941652853375;587.3644149322271;710.7257089159503
901.0;0.074783;-942.7416328927875;536.8491938350726;742.2675808869382
902.0;0.074866;-911.1588580019298;476.8038389276384;770.7399796276974
903.0;0.074949;-874.0049019214317;383.9302785498745;792.2681287341261
904.0;0.075032;-840.4961660328635;328.3197455016102;818.8436112985157
905.0;0.075115;-802.637867977312;214.3711538388182;834.3493923036534
906.0;0.075198;-786.9410855063906;200.1883657867164;865.7657078072291
907.0;0.075281;-762.3884831019643;101.1070759375104;880.6206245464862
908.0;0.075364;-768.4445237224154;107.0069621298363;912.4023114338474
909.0;0.075447;-760.7039666449265;53.56117888337328;932.1410811899934
910.0;0.07553;-778.8454107095937;61.46570395504452;960.1107561213628
911.0;0.075613;-778.534517756036;14.26409430276919;977.4044607227976
912.0;0.075696;-801.0888081537104;33.81745245935905;1002.685994850606
913.0;0.075779;-801.6991862715889;-15.04449421629281;1014.5858419433
914.0;0.075862;-830.1256750182324;13.29040896259421;1037.259523375383
915.0;0.075945;-824.0579380739148;-44.29135291691735;1042.985760517738
916.0;0.076028;-859.7430519142124;-12.45766405774885;1062.997279573756
917.0;0.076111;-845.4938781462126;-63.4097316990292;1067.131680595403
918.0;0.07619400000000001;-872.4293068082363;-59.95416479761932;1078.186558468316
919.0;0.07627700000000001;-870.4449220727518;-96.28459124506125;1083.824608743402
920.0;0.07636000000000001;-865.8876305613461;-112.4199114757438;1090.52172456802
921.0;0.07644300000000001;-885.0404084676379;-136.5041036116012;1096.225965681515
922.0;0.07652600000000001;-877.8839968180956;-161.4363945429934;1099.924335845614
923.0;0.07660900000000001;-886.819595351296;-185.3423313253494;1101.530971088612
924.0;0.07669200000000001;-877.4281647852766;-212.9540180994686;1099.36094407569
925.0;0.07677500000000001;-875.9039478881593;-239.9482438140294;1095.917773728658
926.0;0.07685800000000001;-873.4096681625534;-266.1568157233929;1090.662807352613
927.0;0.07694100000000001;-867.8391585538419;-290.1653318278348;1084.525199501996
928.0;0.07702400000000001;-859.6406654573816;-311.1086888493555;1080.807915302031
929.0;0.07710700000000001;-855.6695400280065;-326.9898876833636;1074.403980376121
930.0;0.07719000000000001;-843.5513254910361;-342.1873313479254;1067.377851991096
931.0;0.07727300000000001;-842.8358806102233;-353.4667176160121;1061.081266419417
932.0;0.07735600000000001;-823.5776127724021;-367.9511685755164;1052.360675161575
933.0;0.07743900000000001;-815.793051289654;-379.4692750087559;1043.828959122459
934.0;0.07752200000000001;-799.0768172540937;-392.6896409323745;1033.978507520892
935.0;0.07760500000000001;-782.1035950480954;-405.9513034023048;1022.482642831511
936.0;0.07768800000000001;-763.9510897786294;-418.8875709056859;1011.025163116922
937.0;0.077771;-742.8997284164437;-432.4256092358837;996.9104032557746
938.0;0.077854;-719.6562814872974;-445.7733778226348;983.0489887498652
939.0;0.077937;-694.7004587747979;-458.1581051870621;965.2703120082575
940.0;0.07802;-667.7546826337007;-469.9410140144855;949.7899710668966
941.0;0.078103;-638.369716326468;-479.6143678016112;925.2298508291615
942.0;0.078186;-605.3561271394165;-482.1499912388092;903.8960691618299
943.0;0.078269;-566.6774329306791;-470.0071135888281;858.2346508862079
944.0;0.078352;-525.032219097963;-448.9711596392657;832.2989725320336
945.0;0.078435;-477.575382723547;-408.7150461372815;748.9513168977475
946.0;0.078518;-429.7057419041203;-369.7468707089125;708.3689496993159
947.0;0.078601;-380.6813644222642;-333.9022669262609;625.6930340107613
948.0;0.078684;-333.0552413098271;-310.0627121500121;584.4671398009367
949.0;0.078767;-283.0776328757072;-280.8512036997846;517.3411706319118
950.0;0.07885;-235.3357062711436;-266.5164027778159;485.4688462244786
951.0;0.078933;-186.5186019344342;-252.530345373592;438.0923299734445
952.0;0.079016;-140.3179211106471;-250.8971549658919;418.6079306032866
953.0;0.079099;-93.41395237138818;-247.8143557267451;383.0125397893276
954.0;0.079182;-48.50281033314631;-253.781898907826;370.2701555887786
955.0;0.079265;-2.434857319732116;-256.9823390131825;344.748315099709
956.0;0.079348;41.71496888106394;-266.4137538497303;331.8723089477442
957.0;0.079431;86.39364297801585;-274.5385810650087;312.6338242255682
958.0;0.079514;130.2671048320369;-286.1717786051663;302.0091097959771
959.0;0.079597;174.1852405617605;-296.6650397747128;285.1203739968174
960.0;0.07968;217.2774320235445;-309.4834491995101;274.9127694976708
961.0;0.079763;260.3740095109059;-321.2721380232481;259.6012032318183
962.0;0.079846;302.6929288443877;-335.4394857321431;251.364478969664
963.0;0.079929;344.9989924743721;-347.7156083364682;235.0142708380576
964.0;0.080012;386.3117470965629;-362.479064965526;226.9450470602763
965.0;0.080095;427.5648729639541;-375.0627522148147;210.9698970929265
966.0;0.080178;467.8174352900661;-389.8468154102584;202.0284490545071
967.0;0.080261;507.8007944890383;-403.2949975613418;187.5172049797787
968.0;0.080344;546.3437439543884;-419.2847115672573;179.3322821169177
969.0;0.080427;584.9764579497702;-431.7099562152013;161.6278617184596
970.0;0.08051;621.5688822888259;-446.9125372421409;153.6218005140693
971.0;0.080593;657.5804794579869;-459.7275956618209;136.1049992011321
972.0;0.080676;690.6741875172181;-475.1318087321864;128.5694331366957
973.0;0.080759;723.9001706831858;-487.1872093984893;107.8063581988269
974.0;0.080842;754.3019717230907;-502.9455229224896;102.2109894800653
975.0;0.080925;782.9048950901027;-514.4280177573934;77.45335772453163
976.0;0.081008;808.7043079806785;-530.9435503442721;77.54848766231417
977.0;0.081091;834.1888459752455;-538.7101223734433;43.71583655321936
978.0;0.081174;855.2789770273025;-552.0658637724036;38.39113489695286
979.0;0.081257;876.0926050588768;-559.420987404246;12.792077391023
980.0;0.08134;894.0109679769539;-569.3451626165756;-1.517103694474056
981.0;0.081423;910.1777863664436;-573.7730289165775;-24.5406342930746
982.0;0.081506;923.7224596095734;-575.5433208196237;-45.57246905761903
983.0;0.081589;936.6496373432211;-579.1843196758035;-69.11978738985722
984.0;0.081672;947.6588645701985;-582.7498108558372;-92.60057594974388
985.0;0.081755;956.9300065901883;-584.0825232299965;-117.2042650692717
986.0;0.081838;964.7136465628931;-596.339872749432;-143.1149724132537
987.0;0.081921;969.405934141617;-614.7781501880057;-172.3032105012985
988.0;0.082004;974.7941227341034;-631.1584875330328;-205.3917056175922
989.0;0.082087;980.4616044800091;-645.9606794623999;-243.0944528331467
990.0;0.08216999999999999;985.0400251651467;-662.2501247864092;-284.187518331721
991.0;0.08225299999999999;985.1570406616172;-677.9302712956584;-327.130275525134
992.0;0.08233599999999999;985.2756927023457;-686.8807568706933;-370.067497022442
993.0;0.08241899999999999;985.805244115161;-690.4569484750189;-412.8573998751024
994.0;0.08250199999999999;981.0163886104025;-691.945555285155;-455.4267255369643
995.0;0.08258499999999999;980.2736506118944;-685.1477389495716;-497.0419178114076
996.0;0.08266799999999999;976.4041984977648;-684.2984175943986;-539.4497102683255
997.0;0.08275099999999999;976.3763721682507;-672.1651257023067;-580.3862786296819
998.0;0.08283399999999999;970.4161899448926;-654.3724691564238;-620.2020289083791
999.0;0.082917;968.7140690307774;-628.5564269536884;-658.9193407257629
1000.0;0.083;959.8260636716218;-601.0195884141517;-696.7001891080835
1001.0;0.083083;950.6993622723774;-558.766813278946;-730.5916706278839
1002.0;0.083166;920.3618655759617;-499.9255831652199;-759.5446858378981
1003.0;0.083249;887.9218390424547;-419.8408312818409;-783.836188616652
1004.0;0.083332;847.1897355187764;-339.0929725830175;-806.3775798881651
1005.0;0.083415;813.3249853645669;-252.5490683909198;-827.1100098721067
1006.0;0.083498;785.9770549778767;-198.9906054662964;-852.1333070904674
1007.0;0.083581;765.7585186548868;-127.0182369439942;-872.5361487574745
1008.0;0.083664;767.2864109527161;-123.9337893656686;-903.2869634228565
1009.0;0.083747;757.3245477573614;-57.65299185601256;-921.5733049853399
1010.0;0.08383;776.5502275848288;-76.29110458808833;-952.8188545616978
1011.0;0.083913;773.87403506222;-32.0222003670096;-970.7066466833893
1012.0;0.083996;815.7629695503759;-49.19637274315894;-997.5827617996633
1013.0;0.084079;791.8558977188065;-4.026359784242737;-1010.284301900247
1014.0;0.084162;862.7082731552508;-18.30280621536321;-1032.226441563226
1015.0;0.084245;809.8375947397967;6.200327047324897;-1043.734653186741
1016.0;0.084328;843.606496574658;29.23650696429182;-1055.355061355208
1017.0;0.084411;840.8267450276768;37.26665071542981;-1066.78298755837
1018.0;0.084494;848.2555694400501;68.87454758499432;-1073.324089907427
1019.0;0.084577;864.627025306212;73.04752148400327;-1083.141543167931
1020.0;0.08466;859.1934268088796;105.3809874203001;-1087.464179293861
1021.0;0.084743;876.9272304182967;123.4194896536316;-1094.655698156501
1022.0;0.084826;869.3387294190568;148.1079441436538;-1098.177240825489
1023.0;0.084909;892.3381116685166;170.3883238729448;-1102.878744001762
1024.0;0.084992;867.9824475345439;199.7817697609772;-1100.713494523617
1025.0;0.085075;883.1549832088373;225.3612517486513;-1098.358150579532
1026.0;0.08515800000000001;865.8307293102608;254.8828007198892;-1093.315861014813
1027.0;0.08524100000000001;874.9631161896707;279.7267393228126;-1087.525556591448
1028.0;0.08532400000000001;854.2348723721153;306.0835680630706;-1081.781726993739
1029.0;0.08540700000000001;859.9160141578376;323.8001970069758;-1077.493162310262
1030.0;0.08549000000000001;842.3018998447592;341.6202605980417;-1069.369167503382
1031.0;0.08557300000000001;840.8590035768702;354.208512617377;-1063.950232824104
1032.0;0.08565600000000001;829.4137346283709;367.0493872872588;-1056.026185318855
1033.0;0.08573900000000001;818.1675659765758;379.6670486146551;-1047.006233761937
1034.0;0.08582200000000001;805.1927749481863;391.9505017123145;-1038.783103222417
1035.0;0.08590500000000001;789.0065498768986;405.0104894017975;-1027.519755244557
1036.0;0.08598800000000001;773.2557203379984;417.7713765577284;-1016.9607624641
1037.0;0.08607100000000001;751.6225562396395;430.6977381340282;-1003.113367697726
1038.0;0.08615400000000001;730.189398713917;444.0104394707699;-989.7337926153176
1039.0;0.08623700000000001;706.5996349273638;456.7075312860744;-973.697792967759
1040.0;0.08632000000000001;680.7320453142205;468.4083315084134;-957.1799704931306
1041.0;0.08640300000000001;652.72619179999;479.3965893062038;-937.9854665049487
1042.0;0.08648600000000001;622.0819558629888;487.2216252661777;-916.2523269611837
1043.0;0.08656900000000001;585.7894722894104;482.9082490093597;-885.1662281278769
1044.0;0.086652;545.1788692356448;465.8783422268029;-843.5210581933045
1045.0;0.086735;500.6322069709246;436.3894674771375;-792.8035556446641
1046.0;0.086818;452.4344068318928;395.989487371393;-734.7953781772469
1047.0;0.086901;403.4906815997984;356.1046916634069;-673.8532475715928
1048.0;0.086984;354.5941112660982;325.3745932515019;-609.3148413758468
1049.0;0.087067;306.0846057056319;301.3914459639701;-562.1245415281006
1050.0;0.08715;256.2466801140351;276.4884262433891;-501.9580776551927
1051.0;0.087233;208.0912665330316;264.2523136025124;-469.0961964228038
1052.0;0.087316;159.8197858726645;254.0313627748132;-427.394636383968
1053.0;0.087399;113.6162394663452;253.176486584596;-404.9161526212226
1054.0;0.087482;67.3975603517337;253.4897258241986;-377.0457053664569
1055.0;0.087565;22.45647426681083;259.9784102667427;-362.4370356002632
1056.0;0.087648;-22.99550059076444;264.9434444300647;-338.7942529252304
1057.0;0.087731;-66.93344657410448;276.4348756087599;-331.1364990931281
1058.0;0.087814;-112.014771398686;282.7915897474039;-305.0504228231179
1059.0;0.087897;-154.6643489868933;299.0145980602525;-307.8245586904727
1060.0;0.08798;-199.4803735034459;305.114551906215;-275.4621100932457
1061.0;0.088063;-241.8473671314817;319.997630104926;-272.7043935998836
1062.0;0.088146;-285.52943294116;329.2336077050899;-248.7835324793132
1063.0;0.088229;-326.594486288597;347.5241577611507;-253.2163023810187
1064.0;0.088312;-369.1626345373514;357.3673195616728;-225.782009454978
1065.0;0.088395;-410.0094488806644;372.8628771307572;-220.6072513423788
1066.0;0.088478;-451.4828232088694;383.4330327280649;-198.0762303645229
1067.0;0.088561;-491.4526833313704;397.8257853423879;-189.5870904722301
1068.0;0.088644;-531.2625323287546;409.7064031204601;-171.2173614548408
1069.0;0.088727;-568.4911046839572;429.7926379198425;-176.8982751995633
1070.0;0.08881;-607.412377040641;439.0395602519825;-144.0008107143925
1071.0;0.088893;-642.454931063719;457.4263959283712;-143.2500527913949
1072.0;0.088976;-678.0529148981652;467.8201743321943;-122.6031116113869
1073.0;0.089059;-710.7609139935892;481.9737487928295;-108.5300833829036
1074.0;0.089142;-741.8252682476029;498.9966133728129;-103.3320423031504
1075.0;0.089225;-771.9359403406645;507.9184058395723;-76.11484966188569
1076.0;0.089308;-798.6379029381571;524.7592131531057;-71.87673463595557
1077.0;0.089391;-824.5110777183467;534.9711764609953;-47.00795706222549
1078.0;0.089474;-846.8220567500588;548.0743660042675;-39.02610497218848
1079.0;0.089557;-868.0956840964537;556.3919189928862;-16.10874916627082
1080.0;0.08964;-885.9812294804099;567.0640330440671;-2.008645662299007
1081.0;0.089723;-903.3818150307981;572.549151852358;19.8607155980065
1082.0;0.089806;-917.4775316299546;577.4912641037675;39.80556229130234
1083.0;0.089889;-930.0224576867869;583.78127751942;61.75052325317771
1084.0;0.089972;-942.3639931125805;587.2707846680058;84.54944949480927
1085.0;0.090055;-952.5913606746979;589.4429051287439;109.6368733738211
1086.0;0.090138;-961.128699879852;592.8881375076941;134.5949589395675
1087.0;0.090221;-967.2309185792436;611.4959701516814;162.1108998225504
1088.0;0.090304;-970.9732367523566;628.800407285818;193.1777752027085
1089.0;0.090387;-976.8668755547686;646.6365206135906;228.9470820714397
1090.0;0.09047;-982.8354581856908;661.6226854263975;268.6541986610038
1091.0;0.090553;-984.6690666253345;677.6057599372356;310.8490565994746
1092.0;0.090636;-984.5005878706801;690.119421014214;353.783181141344
1093.0;0.090719;-984.1790454571984;696.9211985476863;396.6980207872546
1094.0;0.090802;-983.2793564763704;696.6357157892252;438.9028332579643
1095.0;0.090885;-978.5774185882682;695.2873044732003;481.1689537046402
1096.0;0.090968;-979.1248748505278;686.3787533189894;522.4074043876011
1097.0;0.09105099999999999;-974.4548220069258;680.372390701968;564.0500508654699
1098.0;0.09113399999999999;-972.6198105190887;665.6206281132366;604.3938025474024
1099.0;0.09121699999999999;-969.0809176751985;643.4535109037395;643.6636983966025
1100.0;0.09129999999999999;-962.3015313051744;615.0357200813175;681.5018319800641
1101.0;0.09138299999999999;-957.2431432851433;582.1658690432796;717.6831070799032
1102.0;0.09146599999999999;-940.0659837863896;533.4586172681217;749.1668018892708
1103.0;0.09154899999999999;-909.5747430138114;466.2715894068024;776.2964684739087
1104.0;0.09163199999999999;-871.1113511610691;378.798190762604;798.2705735785744
1105.0;0.09171499999999999;-836.7319035701246;308.9001385778793;822.5611719656006
1106.0;0.09179799999999999;-801.8494041122913;214.5825393906813;840.668437083082
1107.0;0.091881;-787.1829427825163;187.1435543340005;869.5326971542263
1108.0;0.091964;-762.5726023914407;101.0899900104784;886.3375844225691
1109.0;0.092047;-771.5122522844141;110.8570382289968;918.4047525988161
1110.0;0.09213;-761.8260548661581;49.98592434557825;936.2857623302245
1111.0;0.092213;-785.5179741899307;66.05877039638222;965.5053985844788
1112.0;0.092296;-785.0107232051789;10.89929004931055;980.7861943685654
1113.0;0.092379;-802.8510512986829;42.12950341402927;1007.307804462776
1114.0;0.092462;-813.9805025852224;-16.73729637088842;1017.395304904226
1115.0;0.092545;-826.9538302685063;13.10365137825894;1039.410354438513
1116.0;0.092628;-844.9049312623798;-38.11798792838631;1046.232534404553
1117.0;0.092711;-840.459597505682;-22.22898201796065;1062.612010518241
1118.0;0.092794;-864.8124732355598;-65.57926421129518;1067.957318065853
1119.0;0.092877;-854.7565463651246;-70.52084089887299;1077.138084521845
1120.0;0.09296;-895.8492887592407;-96.1400570006275;1085.035584899613
1121.0;0.093043;-858.1930073988037;-118.7047198790903;1090.246317549927
1122.0;0.093126;-885.7949590393513;-140.6669836656546;1096.125113302085
1123.0;0.093209;-868.5859065740391;-167.5102008984828;1100.010765248007
1124.0;0.093292;-882.1573894812559;-191.5241984486793;1100.085520701206
1125.0;0.093375;-872.0620696316395;-219.1285257640523;1098.018958520387
1126.0;0.093458;-880.329682411886;-244.0217335461139;1094.207782374218
1127.0;0.093541;-863.3137080849939;-272.0409426280627;1088.087790244082
1128.0;0.093624;-866.3605250964985;-294.3119033109768;1082.592075074891
1129.0;0.093707;-857.1300909186492;-314.507071331449;1078.270624238869
1130.0;0.09379;-851.6911411351056;-330.6183297974552;1072.115431025599
1131.0;0.093873;-846.4561720823893;-344.1085009345773;1064.517326710661
1132.0;0.093956;-833.295458634477;-357.905764215509;1058.885033090288
1133.0;0.094039;-822.7880584404502;-370.6583154819028;1047.773894164078
1134.0;0.09412200000000001;-811.334192951636;-383.1788440259392;1042.059644423967
1135.0;0.09420500000000001;-793.5505901921264;-396.4652548771106;1029.042620569367
1136.0;0.09428800000000001;-778.0967242170503;-409.583721907393;1020.196947668976
1137.0;0.09437100000000001;-759.1325061951994;-422.4739058203234;1005.550431814697
1138.0;0.09445400000000001;-737.204341761443;-436.1260303459001;993.8131563943049
1139.0;0.09453700000000001;-713.8615799123564;-448.9816852360398;977.0024733257657
1140.0;0.09462000000000001;-688.9665262499747;-461.2903854910792;961.9952975290006
1141.0;0.09470300000000001;-661.7706733466498;-472.1772875613777;942.05665361269
1142.0;0.09478600000000001;-632.3215892822685;-482.2126967193265;923.1507050702797
1143.0;0.09486900000000001;-597.83566205234;-479.9504177738112;890.3458001559129
1144.0;0.09495200000000001;-558.5326484917994;-466.2410913781502;857.2529456001066
1145.0;0.09503500000000001;-514.6291093594596;-437.034610689409;796.6138216493483
1146.0;0.09511800000000001;-468.4962797120732;-401.7930171645006;761.6075251593337
1147.0;0.09520100000000001;-418.7098314072432;-356.3307623337439;671.8890969756757
1148.0;0.09528400000000001;-374.4900268774291;-340.8599434090362;662.9412899233163
1149.0;0.09536700000000001;-323.7826497533163;-305.0055718972102;555.7117237478499
1150.0;0.09545000000000001;-275.1462606124478;-282.8094769403953;518.3190151590542
1151.0;0.095533;-226.1016682980431;-264.3136010433948;468.9353182064535
1152.0;0.095616;-178.2283711030097;-254.7328806946645;435.4555307863119
1153.0;0.095699;-131.613800994892;-252.2907927107269;409.5051539282902
1154.0;0.095782;-85.34634529233495;-252.0136558747473;383.628088098807
1155.0;0.095865;-39.39563458577791;-254.0991980737193;359.1997692156783
1156.0;0.095948;5.656345221826891;-260.6893903063793;343.063804666992
1157.0;0.096031;50.63977880211165;-267.8750994229539;324.5407505819776
1158.0;0.096114;95.06610141190865;-277.20575523322;308.7590128329477
1159.0;0.096197;138.6609101754806;-289.9835078679781;300.8441617293202
1160.0;0.09628;182.6557995228617;-300.169112229775;281.287727769586
1161.0;0.096363;226.106574009461;-311.6164893717452;268.2816433484653
1162.0;0.096446;269.5284243044407;-321.9177874641556;248.5145989519934
1163.0;0.096529;311.8261335913249;-336.1623811871781;241.1541553960019
1164.0;0.096612;354.2932036818775;-347.3474180395233;221.8872009411388
1165.0;0.096695;395.4203082684736;-362.4622242021289;215.2796219971252
1166.0;0.096778;436.296698045631;-376.0530942121252;202.5536538778556
1167.0;0.096861;476.7562882035262;-389.9467196196134;189.3779062066508
1168.0;0.096944;516.1526498267351;-404.8149880728973;178.77806184931
1169.0;0.097027;554.9442664764638;-419.3584361055561;166.8482963791723
1170.0;0.09711;592.9961972844495;-433.9027597362223;155.7362719853619
1171.0;0.097193;629.5504718183706;-448.4042532758821;143.3551185418254
1172.0;0.097276;664.6676338401867;-463.002584450413;131.6903118990439
1173.0;0.097359;697.809093095291;-477.0614884259911;118.6953866582805
1174.0;0.097442;730.2020474740496;-491.5290271626675;106.2077782551261
1175.0;0.097525;760.4169950537511;-505.1544740629057;91.2472869673531
1176.0;0.097608;788.4685472596559;-518.6701288164938;77.87875956260064
1177.0;0.097691;814.816833969876;-532.3213610824389;61.43139742046365
1178.0;0.097774;838.3502109426951;-544.9947318557209;49.13948028289696
1179.0;0.097857;859.9802460092818;-553.8151617277038;27.82372019117339
1180.0;0.09794;880.0005552722527;-562.7332990270846;11.58859960578182
1181.0;0.098023;898.3258119103574;-569.6350497700046;-8.782228571779108
1182.0;0.098106;913.1839237957205;-575.9470861176995;-28.66546193186687
1183.0;0.098189;925.7364944981135;-582.5936188798947;-49.90456494157173
1184.0;0.098272;938.5627925598371;-584.626565346853;-73.01740306819879
1185.0;0.098355;950.3914218769821;-586.622384536139;-97.88491595159734
1186.0;0.098438;958.9455874573989;-589.3748353159182;-122.8599004240604
1187.0;0.098521;966.5178981803803;-596.6138887598154;-149.8099686777828
1188.0;0.098604;970.575955470857;-619.1202531535721;-179.6446985952133
1189.0;0.098687;976.5715375750729;-631.1526834896733;-213.3654549548576
1190.0;0.09877;981.5263414663071;-650.386607340237;-251.8530621487565
1191.0;0.098853;985.9613041518807;-665.1695568132022;-293.1188156975485
1192.0;0.098936;985.9772125369838;-682.0473011521967;-336.2494739308649
1193.0;0.099019;985.7219235963831;-690.3974660903792;-379.0939280301349
1194.0;0.099102;985.8398620903474;-693.9382935934984;-421.7626499765248
1195.0;0.099185;981.1613312927059;-693.8183993219351;-464.1357474848639
1196.0;0.099268;981.4790810192246;-687.262120383892;-505.6775594276338
1197.0;0.099351;976.6168102586465;-683.8709855568186;-547.6315796145426
1198.0;0.099434;974.9127786468305;-672.1393366789366;-588.4748494659141
1199.0;0.099517;971.2441123740944;-652.8079425665444;-628.0858078418054
1200.0;0.0996;967.2282411950065;-626.3984913677953;-666.4757381687056
